Country,Date Range,Segment,Users,New Users,Sessions,Bounce Rate,Pages / Session,Avg. Session Duration,CoreText - PDF Viewed (Goal 1 Conversion Rate),CoreText - PDF Viewed (Goal 1 Completions),CoreText - PDF Viewed (Goal 1 Value),,,
United States,"Jan 1, 2023 - Jun 30, 2023",All Users,10532,10449,14081,0.15%,5.32,00:01:44,<0.01%,1,$0.00,,,
United States,"Jan 1, 2023 - Jun 30, 2023",Spanish Website,195,145,526,0.00%,18.61,00:12:14,0.00%,0,$0.00,,,
United States,"Jan 1, 2023 - Jun 30, 2023",Without /es/,10407,10304,13555,0.15%,4.81,00:01:19,<0.01%,1,$0.00,,,
China,"Jan 1, 2023 - Jun 30, 2023",All Users,1758,1757,1815,3.14%,2.6,00:00:15,0.00%,0,$0.00,,,
China,"Jan 1, 2023 - Jun 30, 2023",Spanish Website,2,2,2,0.00%,12,00:05:14,0.00%,0,$0.00,,,
China,"Jan 1, 2023 - Jun 30, 2023",Without /es/,1757,1755,1813,3.14%,2.59,00:00:15,0.00%,0,$0.00,,,
United Kingdom,"Jan 1, 2023 - Jun 30, 2023",All Users,1397,1378,1779,0.34%,4.58,00:01:06,0.00%,0,$0.00,,,
United Kingdom,"Jan 1, 2023 - Jun 30, 2023",Spanish Website,10,6,43,0.00%,20.63,00:07:57,0.00%,0,$0.00,,,
United Kingdom,"Jan 1, 2023 - Jun 30, 2023",Without /es/,1391,1372,1736,0.35%,4.18,00:00:55,0.00%,0,$0.00,,,
Canada,"Jan 1, 2023 - Jun 30, 2023",All Users,893,885,1081,0.00%,3.91,00:00:57,0.00%,0,$0.00,,,
Canada,"Jan 1, 2023 - Jun 30, 2023",Spanish Website,4,4,6,0.00%,4,00:00:59,0.00%,0,$0.00,,,
Canada,"Jan 1, 2023 - Jun 30, 2023",Without /es/,889,881,1075,0.00%,3.91,00:00:57,0.00%,0,$0.00,,,
India,"Jan 1, 2023 - Jun 30, 2023",All Users,724,722,891,0.22%,4.3,00:01:12,0.00%,0,$0.00,,,
India,"Jan 1, 2023 - Jun 30, 2023",Spanish Website,6,5,6,0.00%,14.5,00:06:55,0.00%,0,$0.00,,,
India,"Jan 1, 2023 - Jun 30, 2023",Without /es/,720,717,885,0.23%,4.24,00:01:09,0.00%,0,$0.00,,,
Germany,"Jan 1, 2023 - Jun 30, 2023",All Users,717,706,921,0.00%,5.54,00:01:26,0.00%,0,$0.00,,,
Germany,"Jan 1, 2023 - Jun 30, 2023",Spanish Website,19,15,23,0.00%,29.83,00:08:17,0.00%,0,$0.00,,,
Germany,"Jan 1, 2023 - Jun 30, 2023",Without /es/,705,691,898,0.00%,4.92,00:01:16,0.00%,0,$0.00,,,
Australia,"Jan 1, 2023 - Jun 30, 2023",All Users,584,579,660,0.15%,3.68,00:00:34,0.00%,0,$0.00,,,
Australia,"Jan 1, 2023 - Jun 30, 2023",Spanish Website,1,1,1,0.00%,3,00:00:00,0.00%,0,$0.00,,,
Australia,"Jan 1, 2023 - Jun 30, 2023",Without /es/,583,578,659,0.15%,3.68,00:00:34,0.00%,0,$0.00,,,
Spain,"Jan 1, 2023 - Jun 30, 2023",All Users,407,399,526,0.19%,4.65,00:01:22,0.00%,0,$0.00,,,
Spain,"Jan 1, 2023 - Jun 30, 2023",Spanish Website,64,60,76,0.00%,8.09,00:03:03,0.00%,0,$0.00,,,
Spain,"Jan 1, 2023 - Jun 30, 2023",Without /es/,351,339,450,0.22%,4.07,00:01:04,0.00%,0,$0.00,,,
Netherlands,"Jan 1, 2023 - Jun 30, 2023",All Users,352,348,394,0.51%,3.57,00:00:53,0.00%,0,$0.00,,,
Netherlands,"Jan 1, 2023 - Jun 30, 2023",Spanish Website,3,3,4,0.00%,10.5,00:02:12,0.00%,0,$0.00,,,
Netherlands,"Jan 1, 2023 - Jun 30, 2023",Without /es/,350,345,390,0.51%,3.5,00:00:52,0.00%,0,$0.00,,,
Mexico,"Jan 1, 2023 - Jun 30, 2023",All Users,294,291,407,0.74%,3.51,00:01:07,0.00%,0,$0.00,,,
Mexico,"Jan 1, 2023 - Jun 30, 2023",Spanish Website,47,44,53,1.89%,3.87,00:01:17,0.00%,0,$0.00,,,
Mexico,"Jan 1, 2023 - Jun 30, 2023",Without /es/,252,247,354,0.56%,3.46,00:01:06,0.00%,0,$0.00,,,
France,"Jan 1, 2023 - Jun 30, 2023",All Users,228,224,274,0.00%,4.16,00:01:04,0.00%,0,$0.00,,,
France,"Jan 1, 2023 - Jun 30, 2023",Spanish Website,1,1,1,0.00%,6,00:00:00,0.00%,0,$0.00,,,
France,"Jan 1, 2023 - Jun 30, 2023",Without /es/,227,223,273,0.00%,4.16,00:01:05,0.00%,0,$0.00,,,
Philippines,"Jan 1, 2023 - Jun 30, 2023",All Users,210,210,264,0.38%,4.73,00:01:20,0.00%,0,$0.00,,,
Philippines,"Jan 1, 2023 - Jun 30, 2023",Spanish Website,5,5,5,0.00%,3.6,00:01:28,0.00%,0,$0.00,,,
Philippines,"Jan 1, 2023 - Jun 30, 2023",Without /es/,205,205,259,0.39%,4.76,00:01:20,0.00%,0,$0.00,,,
Italy,"Jan 1, 2023 - Jun 30, 2023",All Users,190,185,272,0.00%,3.96,00:01:08,0.00%,0,$0.00,,,
Italy,"Jan 1, 2023 - Jun 30, 2023",Spanish Website,4,3,4,0.00%,6,00:00:28,0.00%,0,$0.00,,,
Italy,"Jan 1, 2023 - Jun 30, 2023",Without /es/,187,182,268,0.00%,3.93,00:01:09,0.00%,0,$0.00,,,
Brazil,"Jan 1, 2023 - Jun 30, 2023",All Users,188,186,278,0.00%,6.47,00:03:02,0.00%,0,$0.00,,,
Brazil,"Jan 1, 2023 - Jun 30, 2023",Spanish Website,5,5,5,0.00%,7.8,00:01:04,0.00%,0,$0.00,,,
Brazil,"Jan 1, 2023 - Jun 30, 2023",Without /es/,184,181,273,0.00%,6.45,00:03:04,0.00%,0,$0.00,,,
Türkiye,"Jan 1, 2023 - Jun 30, 2023",All Users,188,185,226,0.44%,5.17,00:01:42,0.00%,0,$0.00,,,
Türkiye,"Jan 1, 2023 - Jun 30, 2023",Spanish Website,1,1,1,0.00%,3,00:00:00,0.00%,0,$0.00,,,
Türkiye,"Jan 1, 2023 - Jun 30, 2023",Without /es/,187,184,225,0.44%,5.18,00:01:42,0.00%,0,$0.00,,,
Colombia,"Jan 1, 2023 - Jun 30, 2023",All Users,157,157,191,0.00%,4.04,00:02:27,0.00%,0,$0.00,,,
Colombia,"Jan 1, 2023 - Jun 30, 2023",Spanish Website,30,29,32,0.00%,5.25,00:04:14,0.00%,0,$0.00,,,
Colombia,"Jan 1, 2023 - Jun 30, 2023",Without /es/,130,128,159,0.00%,3.8,00:02:05,0.00%,0,$0.00,,,
Sweden,"Jan 1, 2023 - Jun 30, 2023",All Users,149,147,165,0.00%,3.85,00:00:38,0.00%,0,$0.00,,,
Sweden,"Jan 1, 2023 - Jun 30, 2023",Spanish Website,2,2,2,0.00%,3,00:00:00,0.00%,0,$0.00,,,
Sweden,"Jan 1, 2023 - Jun 30, 2023",Without /es/,147,145,163,0.00%,3.86,00:00:38,0.00%,0,$0.00,,,
South Korea,"Jan 1, 2023 - Jun 30, 2023",All Users,120,120,145,0.69%,3.93,00:01:15,0.00%,0,$0.00,,,
South Korea,"Jan 1, 2023 - Jun 30, 2023",Spanish Website,0,0,0,0.00%,0,00:00:00,0.00%,0,$0.00,,,
South Korea,"Jan 1, 2023 - Jun 30, 2023",Without /es/,120,120,145,0.69%,3.93,00:01:15,0.00%,0,$0.00,,,
Argentina,"Jan 1, 2023 - Jun 30, 2023",All Users,114,114,135,0.00%,4.32,00:01:52,0.00%,0,$0.00,,,
Argentina,"Jan 1, 2023 - Jun 30, 2023",Spanish Website,18,17,24,0.00%,4.62,00:03:47,0.00%,0,$0.00,,,
Argentina,"Jan 1, 2023 - Jun 30, 2023",Without /es/,97,97,111,0.00%,4.25,00:01:27,0.00%,0,$0.00,,,
Guatemala,"Jan 1, 2023 - Jun 30, 2023",All Users,112,112,121,0.00%,3.89,00:01:07,0.00%,0,$0.00,,,
Guatemala,"Jan 1, 2023 - Jun 30, 2023",Spanish Website,72,70,76,0.00%,3.99,00:01:27,0.00%,0,$0.00,,,
Guatemala,"Jan 1, 2023 - Jun 30, 2023",Without /es/,42,42,45,0.00%,3.73,00:00:34,0.00%,0,$0.00,,,
Japan,"Jan 1, 2023 - Jun 30, 2023",All Users,105,103,118,4.24%,4.26,00:00:37,0.00%,0,$0.00,,,
Japan,"Jan 1, 2023 - Jun 30, 2023",Spanish Website,1,1,1,0.00%,15,00:00:30,0.00%,0,$0.00,,,
Japan,"Jan 1, 2023 - Jun 30, 2023",Without /es/,105,102,117,4.27%,4.17,00:00:37,0.00%,0,$0.00,,,
Russia,"Jan 1, 2023 - Jun 30, 2023",All Users,105,103,123,0.00%,4.15,00:02:04,0.00%,0,$0.00,,,
Russia,"Jan 1, 2023 - Jun 30, 2023",Spanish Website,1,1,1,0.00%,9,00:01:29,0.00%,0,$0.00,,,
Russia,"Jan 1, 2023 - Jun 30, 2023",Without /es/,104,102,122,0.00%,4.11,00:02:04,0.00%,0,$0.00,,,
South Africa,"Jan 1, 2023 - Jun 30, 2023",All Users,100,98,182,0.00%,10.62,00:15:47,0.00%,0,$0.00,,,
South Africa,"Jan 1, 2023 - Jun 30, 2023",Spanish Website,4,1,33,0.00%,24.64,00:36:30,0.00%,0,$0.00,,,
South Africa,"Jan 1, 2023 - Jun 30, 2023",Without /es/,99,97,149,0.00%,7.51,00:11:11,0.00%,0,$0.00,,,
Pakistan,"Jan 1, 2023 - Jun 30, 2023",All Users,95,94,133,0.00%,4.29,00:01:20,0.00%,0,$0.00,,,
Pakistan,"Jan 1, 2023 - Jun 30, 2023",Spanish Website,1,1,1,0.00%,3,00:00:19,0.00%,0,$0.00,,,
Pakistan,"Jan 1, 2023 - Jun 30, 2023",Without /es/,94,93,132,0.00%,4.3,00:01:20,0.00%,0,$0.00,,,
Israel,"Jan 1, 2023 - Jun 30, 2023",All Users,93,91,121,0.00%,3.5,00:00:31,0.00%,0,$0.00,,,
Israel,"Jan 1, 2023 - Jun 30, 2023",Spanish Website,1,1,1,0.00%,12,00:00:59,0.00%,0,$0.00,,,
Israel,"Jan 1, 2023 - Jun 30, 2023",Without /es/,92,90,120,0.00%,3.42,00:00:31,0.00%,0,$0.00,,,
Greece,"Jan 1, 2023 - Jun 30, 2023",All Users,92,91,108,0.00%,4.21,00:01:45,0.00%,0,$0.00,,,
Greece,"Jan 1, 2023 - Jun 30, 2023",Spanish Website,0,0,0,0.00%,0,00:00:00,0.00%,0,$0.00,,,
Greece,"Jan 1, 2023 - Jun 30, 2023",Without /es/,92,91,108,0.00%,4.21,00:01:45,0.00%,0,$0.00,,,
Indonesia,"Jan 1, 2023 - Jun 30, 2023",All Users,89,87,113,0.88%,3.65,00:01:39,0.00%,0,$0.00,,,
Indonesia,"Jan 1, 2023 - Jun 30, 2023",Spanish Website,2,2,2,0.00%,3,00:00:00,0.00%,0,$0.00,,,
Indonesia,"Jan 1, 2023 - Jun 30, 2023",Without /es/,87,85,111,0.90%,3.66,00:01:40,0.00%,0,$0.00,,,
Austria,"Jan 1, 2023 - Jun 30, 2023",All Users,88,86,108,0.00%,4.44,00:01:11,0.00%,0,$0.00,,,
Austria,"Jan 1, 2023 - Jun 30, 2023",Spanish Website,2,2,2,0.00%,4.5,00:02:48,0.00%,0,$0.00,,,
Austria,"Jan 1, 2023 - Jun 30, 2023",Without /es/,86,84,106,0.00%,4.43,00:01:09,0.00%,0,$0.00,,,
Belgium,"Jan 1, 2023 - Jun 30, 2023",All Users,84,83,93,0.00%,3.45,00:00:46,0.00%,0,$0.00,,,
Belgium,"Jan 1, 2023 - Jun 30, 2023",Spanish Website,1,1,1,0.00%,3,00:00:00,0.00%,0,$0.00,,,
Belgium,"Jan 1, 2023 - Jun 30, 2023",Without /es/,83,82,92,0.00%,3.46,00:00:47,0.00%,0,$0.00,,,
Switzerland,"Jan 1, 2023 - Jun 30, 2023",All Users,84,82,97,2.06%,3.62,00:00:21,0.00%,0,$0.00,,,
Switzerland,"Jan 1, 2023 - Jun 30, 2023",Spanish Website,3,3,5,20.00%,3.8,00:00:32,0.00%,0,$0.00,,,
Switzerland,"Jan 1, 2023 - Jun 30, 2023",Without /es/,81,79,92,1.09%,3.61,00:00:20,0.00%,0,$0.00,,,
Romania,"Jan 1, 2023 - Jun 30, 2023",All Users,84,83,112,0.00%,3.46,00:00:17,0.00%,0,$0.00,,,
Romania,"Jan 1, 2023 - Jun 30, 2023",Spanish Website,4,4,4,0.00%,8.25,00:03:47,0.00%,0,$0.00,,,
Romania,"Jan 1, 2023 - Jun 30, 2023",Without /es/,80,79,108,0.00%,3.28,00:00:10,0.00%,0,$0.00,,,
Poland,"Jan 1, 2023 - Jun 30, 2023",All Users,82,80,104,0.00%,3.49,00:00:16,0.00%,0,$0.00,,,
Poland,"Jan 1, 2023 - Jun 30, 2023",Spanish Website,2,2,2,0.00%,3,00:00:00,0.00%,0,$0.00,,,
Poland,"Jan 1, 2023 - Jun 30, 2023",Without /es/,80,78,102,0.00%,3.5,00:00:16,0.00%,0,$0.00,,,
Ireland,"Jan 1, 2023 - Jun 30, 2023",All Users,79,78,105,0.95%,3.6,00:00:25,0.00%,0,$0.00,,,
Ireland,"Jan 1, 2023 - Jun 30, 2023",Spanish Website,1,1,1,0.00%,3,00:00:00,0.00%,0,$0.00,,,
Ireland,"Jan 1, 2023 - Jun 30, 2023",Without /es/,78,77,104,0.96%,3.61,00:00:25,0.00%,0,$0.00,,,
Norway,"Jan 1, 2023 - Jun 30, 2023",All Users,73,73,82,0.00%,3.5,00:01:31,0.00%,0,$0.00,,,
Norway,"Jan 1, 2023 - Jun 30, 2023",Spanish Website,0,0,0,0.00%,0,00:00:00,0.00%,0,$0.00,,,
Norway,"Jan 1, 2023 - Jun 30, 2023",Without /es/,73,73,82,0.00%,3.5,00:01:31,0.00%,0,$0.00,,,
Singapore,"Jan 1, 2023 - Jun 30, 2023",All Users,69,68,76,0.00%,3.83,00:00:52,0.00%,0,$0.00,,,
Singapore,"Jan 1, 2023 - Jun 30, 2023",Spanish Website,1,1,1,0.00%,3,00:00:00,0.00%,0,$0.00,,,
Singapore,"Jan 1, 2023 - Jun 30, 2023",Without /es/,68,67,75,0.00%,3.84,00:00:53,0.00%,0,$0.00,,,
Denmark,"Jan 1, 2023 - Jun 30, 2023",All Users,67,65,89,0.00%,4.69,00:01:07,0.00%,0,$0.00,,,
Denmark,"Jan 1, 2023 - Jun 30, 2023",Spanish Website,0,0,0,0.00%,0,00:00:00,0.00%,0,$0.00,,,
Denmark,"Jan 1, 2023 - Jun 30, 2023",Without /es/,67,65,89,0.00%,4.69,00:01:07,0.00%,0,$0.00,,,
(not set),"Jan 1, 2023 - Jun 30, 2023",All Users,65,65,77,25.97%,3.49,00:03:03,0.00%,0,$0.00,,,
(not set),"Jan 1, 2023 - Jun 30, 2023",Spanish Website,0,0,0,0.00%,0,00:00:00,0.00%,0,$0.00,,,
(not set),"Jan 1, 2023 - Jun 30, 2023",Without /es/,65,65,77,25.97%,3.49,00:03:03,0.00%,0,$0.00,,,
Malaysia,"Jan 1, 2023 - Jun 30, 2023",All Users,64,64,85,0.00%,3.65,00:00:48,0.00%,0,$0.00,,,
Malaysia,"Jan 1, 2023 - Jun 30, 2023",Spanish Website,0,0,0,0.00%,0,00:00:00,0.00%,0,$0.00,,,
Malaysia,"Jan 1, 2023 - Jun 30, 2023",Without /es/,64,64,85,0.00%,3.65,00:00:48,0.00%,0,$0.00,,,
Peru,"Jan 1, 2023 - Jun 30, 2023",All Users,64,65,73,0.00%,3.73,00:02:21,0.00%,0,$0.00,,,
Peru,"Jan 1, 2023 - Jun 30, 2023",Spanish Website,3,3,3,0.00%,3,<00:00:01,0.00%,0,$0.00,,,
Peru,"Jan 1, 2023 - Jun 30, 2023",Without /es/,61,62,70,0.00%,3.76,00:02:27,0.00%,0,$0.00,,,
Portugal,"Jan 1, 2023 - Jun 30, 2023",All Users,62,63,66,0.00%,3.91,00:01:17,0.00%,0,$0.00,,,
Portugal,"Jan 1, 2023 - Jun 30, 2023",Spanish Website,0,0,0,0.00%,0,00:00:00,0.00%,0,$0.00,,,
Portugal,"Jan 1, 2023 - Jun 30, 2023",Without /es/,62,63,66,0.00%,3.91,00:01:17,0.00%,0,$0.00,,,
Chile,"Jan 1, 2023 - Jun 30, 2023",All Users,60,60,75,0.00%,3.56,00:00:44,0.00%,0,$0.00,,,
Chile,"Jan 1, 2023 - Jun 30, 2023",Spanish Website,6,5,7,0.00%,3.43,00:00:04,0.00%,0,$0.00,,,
Chile,"Jan 1, 2023 - Jun 30, 2023",Without /es/,55,55,68,0.00%,3.57,00:00:48,0.00%,0,$0.00,,,
Iran,"Jan 1, 2023 - Jun 30, 2023",All Users,58,58,66,0.00%,3.76,00:00:32,0.00%,0,$0.00,,,
Iran,"Jan 1, 2023 - Jun 30, 2023",Spanish Website,1,1,1,0.00%,3,00:00:00,0.00%,0,$0.00,,,
Iran,"Jan 1, 2023 - Jun 30, 2023",Without /es/,57,57,65,0.00%,3.77,00:00:32,0.00%,0,$0.00,,,
Hong Kong,"Jan 1, 2023 - Jun 30, 2023",All Users,52,52,54,0.00%,3.83,00:00:22,0.00%,0,$0.00,,,
Hong Kong,"Jan 1, 2023 - Jun 30, 2023",Spanish Website,0,0,0,0.00%,0,00:00:00,0.00%,0,$0.00,,,
Hong Kong,"Jan 1, 2023 - Jun 30, 2023",Without /es/,52,52,54,0.00%,3.83,00:00:22,0.00%,0,$0.00,,,
Finland,"Jan 1, 2023 - Jun 30, 2023",All Users,51,50,56,0.00%,3.09,00:00:23,0.00%,0,$0.00,,,
Finland,"Jan 1, 2023 - Jun 30, 2023",Spanish Website,0,0,0,0.00%,0,00:00:00,0.00%,0,$0.00,,,
Finland,"Jan 1, 2023 - Jun 30, 2023",Without /es/,51,50,56,0.00%,3.09,00:00:23,0.00%,0,$0.00,,,
New Zealand,"Jan 1, 2023 - Jun 30, 2023",All Users,51,50,54,0.00%,3.78,00:01:08,0.00%,0,$0.00,,,
New Zealand,"Jan 1, 2023 - Jun 30, 2023",Spanish Website,0,0,0,0.00%,0,00:00:00,0.00%,0,$0.00,,,
New Zealand,"Jan 1, 2023 - Jun 30, 2023",Without /es/,51,50,54,0.00%,3.78,00:01:08,0.00%,0,$0.00,,,
Taiwan,"Jan 1, 2023 - Jun 30, 2023",All Users,51,50,72,0.00%,3.42,00:00:24,0.00%,0,$0.00,,,
Taiwan,"Jan 1, 2023 - Jun 30, 2023",Spanish Website,0,0,0,0.00%,0,00:00:00,0.00%,0,$0.00,,,
Taiwan,"Jan 1, 2023 - Jun 30, 2023",Without /es/,51,50,72,0.00%,3.42,00:00:24,0.00%,0,$0.00,,,
Vietnam,"Jan 1, 2023 - Jun 30, 2023",All Users,48,46,52,0.00%,3.58,00:00:46,0.00%,0,$0.00,,,
Vietnam,"Jan 1, 2023 - Jun 30, 2023",Spanish Website,0,0,0,0.00%,0,00:00:00,0.00%,0,$0.00,,,
Vietnam,"Jan 1, 2023 - Jun 30, 2023",Without /es/,48,46,52,0.00%,3.58,00:00:46,0.00%,0,$0.00,,,
United Arab Emirates,"Jan 1, 2023 - Jun 30, 2023",All Users,47,46,62,0.00%,4.35,00:01:03,0.00%,0,$0.00,,,
United Arab Emirates,"Jan 1, 2023 - Jun 30, 2023",Spanish Website,0,0,0,0.00%,0,00:00:00,0.00%,0,$0.00,,,
United Arab Emirates,"Jan 1, 2023 - Jun 30, 2023",Without /es/,47,46,62,0.00%,4.35,00:01:03,0.00%,0,$0.00,,,
Ecuador,"Jan 1, 2023 - Jun 30, 2023",All Users,45,45,54,0.00%,4.39,00:01:50,0.00%,0,$0.00,,,
Ecuador,"Jan 1, 2023 - Jun 30, 2023",Spanish Website,16,16,18,0.00%,4.83,00:02:20,0.00%,0,$0.00,,,
Ecuador,"Jan 1, 2023 - Jun 30, 2023",Without /es/,29,29,36,0.00%,4.17,00:01:35,0.00%,0,$0.00,,,
Czechia,"Jan 1, 2023 - Jun 30, 2023",All Users,43,41,80,0.00%,5.71,00:05:56,0.00%,0,$0.00,,,
Czechia,"Jan 1, 2023 - Jun 30, 2023",Spanish Website,0,0,0,0.00%,0,00:00:00,0.00%,0,$0.00,,,
Czechia,"Jan 1, 2023 - Jun 30, 2023",Without /es/,43,41,80,0.00%,5.71,00:05:56,0.00%,0,$0.00,,,
Hungary,"Jan 1, 2023 - Jun 30, 2023",All Users,42,39,76,0.00%,4.07,00:01:02,0.00%,0,$0.00,,,
Hungary,"Jan 1, 2023 - Jun 30, 2023",Spanish Website,1,0,1,0.00%,45,00:23:10,0.00%,0,$0.00,,,
Hungary,"Jan 1, 2023 - Jun 30, 2023",Without /es/,41,39,75,0.00%,3.52,00:00:45,0.00%,0,$0.00,,,
Bulgaria,"Jan 1, 2023 - Jun 30, 2023",All Users,41,41,43,2.33%,4.21,00:01:49,0.00%,0,$0.00,,,
Bulgaria,"Jan 1, 2023 - Jun 30, 2023",Spanish Website,0,0,0,0.00%,0,00:00:00,0.00%,0,$0.00,,,
Bulgaria,"Jan 1, 2023 - Jun 30, 2023",Without /es/,41,41,43,2.33%,4.21,00:01:49,0.00%,0,$0.00,,,
Saudi Arabia,"Jan 1, 2023 - Jun 30, 2023",All Users,39,37,49,0.00%,3.24,00:00:21,0.00%,0,$0.00,,,
Saudi Arabia,"Jan 1, 2023 - Jun 30, 2023",Spanish Website,1,1,1,0.00%,3,00:00:00,0.00%,0,$0.00,,,
Saudi Arabia,"Jan 1, 2023 - Jun 30, 2023",Without /es/,38,36,48,0.00%,3.25,00:00:21,0.00%,0,$0.00,,,
Egypt,"Jan 1, 2023 - Jun 30, 2023",All Users,38,36,54,0.00%,4.72,00:01:51,0.00%,0,$0.00,,,
Egypt,"Jan 1, 2023 - Jun 30, 2023",Spanish Website,0,0,0,0.00%,0,00:00:00,0.00%,0,$0.00,,,
Egypt,"Jan 1, 2023 - Jun 30, 2023",Without /es/,38,36,54,0.00%,4.72,00:01:51,0.00%,0,$0.00,,,
Lithuania,"Jan 1, 2023 - Jun 30, 2023",All Users,33,33,37,0.00%,4.05,00:01:44,0.00%,0,$0.00,,,
Lithuania,"Jan 1, 2023 - Jun 30, 2023",Spanish Website,1,1,1,0.00%,3,00:00:00,0.00%,0,$0.00,,,
Lithuania,"Jan 1, 2023 - Jun 30, 2023",Without /es/,32,32,36,0.00%,4.08,00:01:47,0.00%,0,$0.00,,,
Nigeria,"Jan 1, 2023 - Jun 30, 2023",All Users,33,32,36,0.00%,4,00:00:46,0.00%,0,$0.00,,,
Nigeria,"Jan 1, 2023 - Jun 30, 2023",Spanish Website,0,0,0,0.00%,0,00:00:00,0.00%,0,$0.00,,,
Nigeria,"Jan 1, 2023 - Jun 30, 2023",Without /es/,33,32,36,0.00%,4,00:00:46,0.00%,0,$0.00,,,
Thailand,"Jan 1, 2023 - Jun 30, 2023",All Users,33,33,40,0.00%,4.05,00:01:19,0.00%,0,$0.00,,,
Thailand,"Jan 1, 2023 - Jun 30, 2023",Spanish Website,1,1,1,0.00%,18,00:00:46,0.00%,0,$0.00,,,
Thailand,"Jan 1, 2023 - Jun 30, 2023",Without /es/,32,32,39,0.00%,3.69,00:01:19,0.00%,0,$0.00,,,
Venezuela,"Jan 1, 2023 - Jun 30, 2023",All Users,29,29,32,0.00%,3.94,00:01:47,0.00%,0,$0.00,,,
Venezuela,"Jan 1, 2023 - Jun 30, 2023",Spanish Website,6,6,6,0.00%,4.5,00:04:19,0.00%,0,$0.00,,,
Venezuela,"Jan 1, 2023 - Jun 30, 2023",Without /es/,23,23,26,0.00%,3.81,00:01:12,0.00%,0,$0.00,,,
Bangladesh,"Jan 1, 2023 - Jun 30, 2023",All Users,27,27,30,0.00%,5.33,00:02:19,0.00%,0,$0.00,,,
Bangladesh,"Jan 1, 2023 - Jun 30, 2023",Spanish Website,0,0,0,0.00%,0,00:00:00,0.00%,0,$0.00,,,
Bangladesh,"Jan 1, 2023 - Jun 30, 2023",Without /es/,27,27,30,0.00%,5.33,00:02:19,0.00%,0,$0.00,,,
Croatia,"Jan 1, 2023 - Jun 30, 2023",All Users,27,27,29,0.00%,3.83,00:00:39,0.00%,0,$0.00,,,
Croatia,"Jan 1, 2023 - Jun 30, 2023",Spanish Website,0,0,0,0.00%,0,00:00:00,0.00%,0,$0.00,,,
Croatia,"Jan 1, 2023 - Jun 30, 2023",Without /es/,27,27,29,0.00%,3.83,00:00:39,0.00%,0,$0.00,,,
Kenya,"Jan 1, 2023 - Jun 30, 2023",All Users,26,26,28,0.00%,3.32,00:00:22,0.00%,0,$0.00,,,
Kenya,"Jan 1, 2023 - Jun 30, 2023",Spanish Website,0,0,0,0.00%,0,00:00:00,0.00%,0,$0.00,,,
Kenya,"Jan 1, 2023 - Jun 30, 2023",Without /es/,26,26,28,0.00%,3.32,00:00:22,0.00%,0,$0.00,,,
Ukraine,"Jan 1, 2023 - Jun 30, 2023",All Users,23,23,25,0.00%,3.92,00:00:55,0.00%,0,$0.00,,,
Ukraine,"Jan 1, 2023 - Jun 30, 2023",Spanish Website,0,0,0,0.00%,0,00:00:00,0.00%,0,$0.00,,,
Ukraine,"Jan 1, 2023 - Jun 30, 2023",Without /es/,23,23,25,0.00%,3.92,00:00:55,0.00%,0,$0.00,,,
Dominican Republic,"Jan 1, 2023 - Jun 30, 2023",All Users,21,21,23,0.00%,3.65,00:00:49,0.00%,0,$0.00,,,
Dominican Republic,"Jan 1, 2023 - Jun 30, 2023",Spanish Website,2,2,3,0.00%,6,00:02:35,0.00%,0,$0.00,,,
Dominican Republic,"Jan 1, 2023 - Jun 30, 2023",Without /es/,19,19,20,0.00%,3.3,00:00:33,0.00%,0,$0.00,,,
Bolivia,"Jan 1, 2023 - Jun 30, 2023",All Users,20,19,20,0.00%,4.95,00:00:41,0.00%,0,$0.00,,,
Bolivia,"Jan 1, 2023 - Jun 30, 2023",Spanish Website,3,3,3,0.00%,3,00:00:00,0.00%,0,$0.00,,,
Bolivia,"Jan 1, 2023 - Jun 30, 2023",Without /es/,17,16,17,0.00%,5.29,00:00:48,0.00%,0,$0.00,,,
Puerto Rico,"Jan 1, 2023 - Jun 30, 2023",All Users,20,19,23,0.00%,3,00:00:00,0.00%,0,$0.00,,,
Puerto Rico,"Jan 1, 2023 - Jun 30, 2023",Spanish Website,1,1,1,0.00%,3,00:00:00,0.00%,0,$0.00,,,
Puerto Rico,"Jan 1, 2023 - Jun 30, 2023",Without /es/,19,18,22,0.00%,3,00:00:00,0.00%,0,$0.00,,,
Uruguay,"Jan 1, 2023 - Jun 30, 2023",All Users,20,20,22,0.00%,6.68,00:04:04,0.00%,0,$0.00,,,
Uruguay,"Jan 1, 2023 - Jun 30, 2023",Spanish Website,2,2,2,0.00%,3,00:00:00,0.00%,0,$0.00,,,
Uruguay,"Jan 1, 2023 - Jun 30, 2023",Without /es/,18,18,20,0.00%,7.05,00:04:29,0.00%,0,$0.00,,,
Serbia,"Jan 1, 2023 - Jun 30, 2023",All Users,19,19,20,0.00%,4.65,00:00:32,0.00%,0,$0.00,,,
Serbia,"Jan 1, 2023 - Jun 30, 2023",Spanish Website,0,0,0,0.00%,0,00:00:00,0.00%,0,$0.00,,,
Serbia,"Jan 1, 2023 - Jun 30, 2023",Without /es/,19,19,20,0.00%,4.65,00:00:32,0.00%,0,$0.00,,,
Slovakia,"Jan 1, 2023 - Jun 30, 2023",All Users,17,17,89,0.00%,3.51,00:01:46,0.00%,0,$0.00,,,
Slovakia,"Jan 1, 2023 - Jun 30, 2023",Spanish Website,0,0,0,0.00%,0,00:00:00,0.00%,0,$0.00,,,
Slovakia,"Jan 1, 2023 - Jun 30, 2023",Without /es/,17,17,89,0.00%,3.51,00:01:46,0.00%,0,$0.00,,,
El Salvador,"Jan 1, 2023 - Jun 30, 2023",All Users,17,17,17,0.00%,4.24,00:00:59,0.00%,0,$0.00,,,
El Salvador,"Jan 1, 2023 - Jun 30, 2023",Spanish Website,5,5,5,0.00%,4.8,00:00:21,0.00%,0,$0.00,,,
El Salvador,"Jan 1, 2023 - Jun 30, 2023",Without /es/,12,12,12,0.00%,4,00:01:15,0.00%,0,$0.00,,,
Iceland,"Jan 1, 2023 - Jun 30, 2023",All Users,16,15,18,0.00%,4,00:02:19,0.00%,0,$0.00,,,
Iceland,"Jan 1, 2023 - Jun 30, 2023",Spanish Website,0,0,0,0.00%,0,00:00:00,0.00%,0,$0.00,,,
Iceland,"Jan 1, 2023 - Jun 30, 2023",Without /es/,16,15,18,0.00%,4,00:02:19,0.00%,0,$0.00,,,
Lebanon,"Jan 1, 2023 - Jun 30, 2023",All Users,16,16,21,0.00%,3.81,00:00:42,0.00%,0,$0.00,,,
Lebanon,"Jan 1, 2023 - Jun 30, 2023",Spanish Website,0,0,0,0.00%,0,00:00:00,0.00%,0,$0.00,,,
Lebanon,"Jan 1, 2023 - Jun 30, 2023",Without /es/,16,16,21,0.00%,3.81,00:00:42,0.00%,0,$0.00,,,
Sri Lanka,"Jan 1, 2023 - Jun 30, 2023",All Users,15,15,19,0.00%,3.16,00:00:09,0.00%,0,$0.00,,,
Sri Lanka,"Jan 1, 2023 - Jun 30, 2023",Spanish Website,0,0,0,0.00%,0,00:00:00,0.00%,0,$0.00,,,
Sri Lanka,"Jan 1, 2023 - Jun 30, 2023",Without /es/,15,15,19,0.00%,3.16,00:00:09,0.00%,0,$0.00,,,
Panama,"Jan 1, 2023 - Jun 30, 2023",All Users,14,14,16,0.00%,3.19,00:00:09,0.00%,0,$0.00,,,
Panama,"Jan 1, 2023 - Jun 30, 2023",Spanish Website,1,1,1,0.00%,3,00:00:01,0.00%,0,$0.00,,,
Panama,"Jan 1, 2023 - Jun 30, 2023",Without /es/,13,13,15,0.00%,3.2,00:00:09,0.00%,0,$0.00,,,
Estonia,"Jan 1, 2023 - Jun 30, 2023",All Users,13,13,16,0.00%,3,00:00:00,0.00%,0,$0.00,,,
Estonia,"Jan 1, 2023 - Jun 30, 2023",Spanish Website,0,0,0,0.00%,0,00:00:00,0.00%,0,$0.00,,,
Estonia,"Jan 1, 2023 - Jun 30, 2023",Without /es/,13,13,16,0.00%,3,00:00:00,0.00%,0,$0.00,,,
Ethiopia,"Jan 1, 2023 - Jun 30, 2023",All Users,13,12,15,6.67%,3.27,00:02:03,0.00%,0,$0.00,,,
Ethiopia,"Jan 1, 2023 - Jun 30, 2023",Spanish Website,0,0,0,0.00%,0,00:00:00,0.00%,0,$0.00,,,
Ethiopia,"Jan 1, 2023 - Jun 30, 2023",Without /es/,13,12,15,6.67%,3.27,00:02:03,0.00%,0,$0.00,,,
Costa Rica,"Jan 1, 2023 - Jun 30, 2023",All Users,12,12,13,0.00%,6.23,00:01:00,0.00%,0,$0.00,,,
Costa Rica,"Jan 1, 2023 - Jun 30, 2023",Spanish Website,0,0,0,0.00%,0,00:00:00,0.00%,0,$0.00,,,
Costa Rica,"Jan 1, 2023 - Jun 30, 2023",Without /es/,12,12,13,0.00%,6.23,00:01:00,0.00%,0,$0.00,,,
Georgia,"Jan 1, 2023 - Jun 30, 2023",All Users,12,12,15,0.00%,3.2,00:00:05,0.00%,0,$0.00,,,
Georgia,"Jan 1, 2023 - Jun 30, 2023",Spanish Website,0,0,0,0.00%,0,00:00:00,0.00%,0,$0.00,,,
Georgia,"Jan 1, 2023 - Jun 30, 2023",Without /es/,12,12,15,0.00%,3.2,00:00:05,0.00%,0,$0.00,,,
Morocco,"Jan 1, 2023 - Jun 30, 2023",All Users,12,12,15,0.00%,3,00:00:01,0.00%,0,$0.00,,,
Morocco,"Jan 1, 2023 - Jun 30, 2023",Spanish Website,0,0,0,0.00%,0,00:00:00,0.00%,0,$0.00,,,
Morocco,"Jan 1, 2023 - Jun 30, 2023",Without /es/,12,12,15,0.00%,3,00:00:01,0.00%,0,$0.00,,,
Nepal,"Jan 1, 2023 - Jun 30, 2023",All Users,12,12,16,0.00%,3.19,00:00:06,0.00%,0,$0.00,,,
Nepal,"Jan 1, 2023 - Jun 30, 2023",Spanish Website,0,0,0,0.00%,0,00:00:00,0.00%,0,$0.00,,,
Nepal,"Jan 1, 2023 - Jun 30, 2023",Without /es/,12,12,16,0.00%,3.19,00:00:06,0.00%,0,$0.00,,,
Paraguay,"Jan 1, 2023 - Jun 30, 2023",All Users,12,12,12,0.00%,4,00:01:10,0.00%,0,$0.00,,,
Paraguay,"Jan 1, 2023 - Jun 30, 2023",Spanish Website,3,3,3,0.00%,5,00:00:07,0.00%,0,$0.00,,,
Paraguay,"Jan 1, 2023 - Jun 30, 2023",Without /es/,9,9,9,0.00%,3.67,00:01:32,0.00%,0,$0.00,,,
Qatar,"Jan 1, 2023 - Jun 30, 2023",All Users,12,12,14,0.00%,4.29,00:02:27,0.00%,0,$0.00,,,
Qatar,"Jan 1, 2023 - Jun 30, 2023",Spanish Website,0,0,0,0.00%,0,00:00:00,0.00%,0,$0.00,,,
Qatar,"Jan 1, 2023 - Jun 30, 2023",Without /es/,12,12,14,0.00%,4.29,00:02:27,0.00%,0,$0.00,,,
Cyprus,"Jan 1, 2023 - Jun 30, 2023",All Users,11,10,12,0.00%,3.25,00:00:08,0.00%,0,$0.00,,,
Cyprus,"Jan 1, 2023 - Jun 30, 2023",Spanish Website,1,1,1,0.00%,3,00:00:00,0.00%,0,$0.00,,,
Cyprus,"Jan 1, 2023 - Jun 30, 2023",Without /es/,10,9,11,0.00%,3.27,00:00:09,0.00%,0,$0.00,,,
Jordan,"Jan 1, 2023 - Jun 30, 2023",All Users,11,11,24,4.17%,9.08,00:05:41,0.00%,0,$0.00,,,
Jordan,"Jan 1, 2023 - Jun 30, 2023",Spanish Website,0,0,0,0.00%,0,00:00:00,0.00%,0,$0.00,,,
Jordan,"Jan 1, 2023 - Jun 30, 2023",Without /es/,11,11,24,4.17%,9.08,00:05:41,0.00%,0,$0.00,,,
Algeria,"Jan 1, 2023 - Jun 30, 2023",All Users,10,10,10,0.00%,3.9,00:02:58,0.00%,0,$0.00,,,
Algeria,"Jan 1, 2023 - Jun 30, 2023",Spanish Website,0,0,0,0.00%,0,00:00:00,0.00%,0,$0.00,,,
Algeria,"Jan 1, 2023 - Jun 30, 2023",Without /es/,10,10,10,0.00%,3.9,00:02:58,0.00%,0,$0.00,,,
Ghana,"Jan 1, 2023 - Jun 30, 2023",All Users,10,10,15,0.00%,3.6,00:03:31,0.00%,0,$0.00,,,
Ghana,"Jan 1, 2023 - Jun 30, 2023",Spanish Website,0,0,0,0.00%,0,00:00:00,0.00%,0,$0.00,,,
Ghana,"Jan 1, 2023 - Jun 30, 2023",Without /es/,10,10,15,0.00%,3.6,00:03:31,0.00%,0,$0.00,,,
Belarus,"Jan 1, 2023 - Jun 30, 2023",All Users,9,9,10,0.00%,4.5,00:00:09,0.00%,0,$0.00,,,
Belarus,"Jan 1, 2023 - Jun 30, 2023",Spanish Website,0,0,0,0.00%,0,00:00:00,0.00%,0,$0.00,,,
Belarus,"Jan 1, 2023 - Jun 30, 2023",Without /es/,9,9,10,0.00%,4.5,00:00:09,0.00%,0,$0.00,,,
Cuba,"Jan 1, 2023 - Jun 30, 2023",All Users,9,9,13,0.00%,5.08,00:06:05,0.00%,0,$0.00,,,
Cuba,"Jan 1, 2023 - Jun 30, 2023",Spanish Website,1,1,1,0.00%,3,00:00:00,0.00%,0,$0.00,,,
Cuba,"Jan 1, 2023 - Jun 30, 2023",Without /es/,9,8,12,0.00%,5.25,00:06:36,0.00%,0,$0.00,,,
Iraq,"Jan 1, 2023 - Jun 30, 2023",All Users,9,9,14,0.00%,3.86,00:01:28,0.00%,0,$0.00,,,
Iraq,"Jan 1, 2023 - Jun 30, 2023",Spanish Website,0,0,0,0.00%,0,00:00:00,0.00%,0,$0.00,,,
Iraq,"Jan 1, 2023 - Jun 30, 2023",Without /es/,9,9,14,0.00%,3.86,00:01:28,0.00%,0,$0.00,,,
Malta,"Jan 1, 2023 - Jun 30, 2023",All Users,9,9,10,0.00%,3.6,00:00:24,0.00%,0,$0.00,,,
Malta,"Jan 1, 2023 - Jun 30, 2023",Spanish Website,0,0,0,0.00%,0,00:00:00,0.00%,0,$0.00,,,
Malta,"Jan 1, 2023 - Jun 30, 2023",Without /es/,9,9,10,0.00%,3.6,00:00:24,0.00%,0,$0.00,,,
Kazakhstan,"Jan 1, 2023 - Jun 30, 2023",All Users,8,8,11,0.00%,4.36,00:04:30,0.00%,0,$0.00,,,
Kazakhstan,"Jan 1, 2023 - Jun 30, 2023",Spanish Website,0,0,0,0.00%,0,00:00:00,0.00%,0,$0.00,,,
Kazakhstan,"Jan 1, 2023 - Jun 30, 2023",Without /es/,8,8,11,0.00%,4.36,00:04:30,0.00%,0,$0.00,,,
North Macedonia,"Jan 1, 2023 - Jun 30, 2023",All Users,8,8,24,0.00%,4,00:02:26,0.00%,0,$0.00,,,
North Macedonia,"Jan 1, 2023 - Jun 30, 2023",Spanish Website,1,1,1,0.00%,18,00:08:03,0.00%,0,$0.00,,,
North Macedonia,"Jan 1, 2023 - Jun 30, 2023",Without /es/,7,7,23,0.00%,3.39,00:02:11,0.00%,0,$0.00,,,
Nicaragua,"Jan 1, 2023 - Jun 30, 2023",All Users,8,8,9,0.00%,3.56,00:00:19,0.00%,0,$0.00,,,
Nicaragua,"Jan 1, 2023 - Jun 30, 2023",Spanish Website,1,1,1,0.00%,9,00:02:50,0.00%,0,$0.00,,,
Nicaragua,"Jan 1, 2023 - Jun 30, 2023",Without /es/,7,7,8,0.00%,2.88,00:00:00,0.00%,0,$0.00,,,
Uzbekistan,"Jan 1, 2023 - Jun 30, 2023",All Users,8,8,8,12.50%,2.75,00:00:09,0.00%,0,$0.00,,,
Uzbekistan,"Jan 1, 2023 - Jun 30, 2023",Spanish Website,0,0,0,0.00%,0,00:00:00,0.00%,0,$0.00,,,
Uzbekistan,"Jan 1, 2023 - Jun 30, 2023",Without /es/,8,8,8,12.50%,2.75,00:00:09,0.00%,0,$0.00,,,
Latvia,"Jan 1, 2023 - Jun 30, 2023",All Users,7,6,7,0.00%,4.29,00:00:13,0.00%,0,$0.00,,,
Latvia,"Jan 1, 2023 - Jun 30, 2023",Spanish Website,0,0,0,0.00%,0,00:00:00,0.00%,0,$0.00,,,
Latvia,"Jan 1, 2023 - Jun 30, 2023",Without /es/,7,6,7,0.00%,4.29,00:00:13,0.00%,0,$0.00,,,
Slovenia,"Jan 1, 2023 - Jun 30, 2023",All Users,7,7,7,0.00%,3.43,00:00:05,0.00%,0,$0.00,,,
Slovenia,"Jan 1, 2023 - Jun 30, 2023",Spanish Website,0,0,0,0.00%,0,00:00:00,0.00%,0,$0.00,,,
Slovenia,"Jan 1, 2023 - Jun 30, 2023",Without /es/,7,7,7,0.00%,3.43,00:00:05,0.00%,0,$0.00,,,
Syria,"Jan 1, 2023 - Jun 30, 2023",All Users,7,7,7,0.00%,3.86,00:01:17,0.00%,0,$0.00,,,
Syria,"Jan 1, 2023 - Jun 30, 2023",Spanish Website,0,0,0,0.00%,0,00:00:00,0.00%,0,$0.00,,,
Syria,"Jan 1, 2023 - Jun 30, 2023",Without /es/,7,7,7,0.00%,3.86,00:01:17,0.00%,0,$0.00,,,
Azerbaijan,"Jan 1, 2023 - Jun 30, 2023",All Users,6,6,6,0.00%,3,<00:00:01,0.00%,0,$0.00,,,
Azerbaijan,"Jan 1, 2023 - Jun 30, 2023",Spanish Website,0,0,0,0.00%,0,00:00:00,0.00%,0,$0.00,,,
Azerbaijan,"Jan 1, 2023 - Jun 30, 2023",Without /es/,6,6,6,0.00%,3,<00:00:01,0.00%,0,$0.00,,,
Cambodia,"Jan 1, 2023 - Jun 30, 2023",All Users,6,6,7,0.00%,4.57,00:01:58,0.00%,0,$0.00,,,
Cambodia,"Jan 1, 2023 - Jun 30, 2023",Spanish Website,0,0,0,0.00%,0,00:00:00,0.00%,0,$0.00,,,
Cambodia,"Jan 1, 2023 - Jun 30, 2023",Without /es/,6,6,7,0.00%,4.57,00:01:58,0.00%,0,$0.00,,,
Tunisia,"Jan 1, 2023 - Jun 30, 2023",All Users,6,6,7,0.00%,7.71,00:02:47,0.00%,0,$0.00,,,
Tunisia,"Jan 1, 2023 - Jun 30, 2023",Spanish Website,0,0,0,0.00%,0,00:00:00,0.00%,0,$0.00,,,
Tunisia,"Jan 1, 2023 - Jun 30, 2023",Without /es/,6,6,7,0.00%,7.71,00:02:47,0.00%,0,$0.00,,,
Uganda,"Jan 1, 2023 - Jun 30, 2023",All Users,6,6,6,0.00%,3,<00:00:01,0.00%,0,$0.00,,,
Uganda,"Jan 1, 2023 - Jun 30, 2023",Spanish Website,0,0,0,0.00%,0,00:00:00,0.00%,0,$0.00,,,
Uganda,"Jan 1, 2023 - Jun 30, 2023",Without /es/,6,6,6,0.00%,3,<00:00:01,0.00%,0,$0.00,,,
Armenia,"Jan 1, 2023 - Jun 30, 2023",All Users,5,5,6,0.00%,5.5,00:00:22,0.00%,0,$0.00,,,
Armenia,"Jan 1, 2023 - Jun 30, 2023",Spanish Website,0,0,0,0.00%,0,00:00:00,0.00%,0,$0.00,,,
Armenia,"Jan 1, 2023 - Jun 30, 2023",Without /es/,5,5,6,0.00%,5.5,00:00:22,0.00%,0,$0.00,,,
Bosnia & Herzegovina,"Jan 1, 2023 - Jun 30, 2023",All Users,5,5,5,0.00%,3,00:00:00,0.00%,0,$0.00,,,
Bosnia & Herzegovina,"Jan 1, 2023 - Jun 30, 2023",Spanish Website,0,0,0,0.00%,0,00:00:00,0.00%,0,$0.00,,,
Bosnia & Herzegovina,"Jan 1, 2023 - Jun 30, 2023",Without /es/,5,5,5,0.00%,3,00:00:00,0.00%,0,$0.00,,,
Bahamas,"Jan 1, 2023 - Jun 30, 2023",All Users,5,5,9,0.00%,3.22,00:00:58,0.00%,0,$0.00,,,
Bahamas,"Jan 1, 2023 - Jun 30, 2023",Spanish Website,0,0,0,0.00%,0,00:00:00,0.00%,0,$0.00,,,
Bahamas,"Jan 1, 2023 - Jun 30, 2023",Without /es/,5,5,9,0.00%,3.22,00:00:58,0.00%,0,$0.00,,,
Kuwait,"Jan 1, 2023 - Jun 30, 2023",All Users,5,5,5,0.00%,3,00:00:00,0.00%,0,$0.00,,,
Kuwait,"Jan 1, 2023 - Jun 30, 2023",Spanish Website,0,0,0,0.00%,0,00:00:00,0.00%,0,$0.00,,,
Kuwait,"Jan 1, 2023 - Jun 30, 2023",Without /es/,5,5,5,0.00%,3,00:00:00,0.00%,0,$0.00,,,
Moldova,"Jan 1, 2023 - Jun 30, 2023",All Users,5,5,5,0.00%,3,00:00:00,0.00%,0,$0.00,,,
Moldova,"Jan 1, 2023 - Jun 30, 2023",Spanish Website,0,0,0,0.00%,0,00:00:00,0.00%,0,$0.00,,,
Moldova,"Jan 1, 2023 - Jun 30, 2023",Without /es/,5,5,5,0.00%,3,00:00:00,0.00%,0,$0.00,,,
Seychelles,"Jan 1, 2023 - Jun 30, 2023",All Users,5,5,5,0.00%,3,00:00:00,0.00%,0,$0.00,,,
Seychelles,"Jan 1, 2023 - Jun 30, 2023",Spanish Website,0,0,0,0.00%,0,00:00:00,0.00%,0,$0.00,,,
Seychelles,"Jan 1, 2023 - Jun 30, 2023",Without /es/,5,5,5,0.00%,3,00:00:00,0.00%,0,$0.00,,,
Tanzania,"Jan 1, 2023 - Jun 30, 2023",All Users,5,5,5,0.00%,3,00:00:01,0.00%,0,$0.00,,,
Tanzania,"Jan 1, 2023 - Jun 30, 2023",Spanish Website,0,0,0,0.00%,0,00:00:00,0.00%,0,$0.00,,,
Tanzania,"Jan 1, 2023 - Jun 30, 2023",Without /es/,5,5,5,0.00%,3,00:00:01,0.00%,0,$0.00,,,
Bahrain,"Jan 1, 2023 - Jun 30, 2023",All Users,4,4,5,0.00%,3.6,00:00:23,0.00%,0,$0.00,,,
Bahrain,"Jan 1, 2023 - Jun 30, 2023",Spanish Website,0,0,0,0.00%,0,00:00:00,0.00%,0,$0.00,,,
Bahrain,"Jan 1, 2023 - Jun 30, 2023",Without /es/,4,4,5,0.00%,3.6,00:00:23,0.00%,0,$0.00,,,
Honduras,"Jan 1, 2023 - Jun 30, 2023",All Users,4,4,4,0.00%,3,00:00:00,0.00%,0,$0.00,,,
Honduras,"Jan 1, 2023 - Jun 30, 2023",Spanish Website,0,0,0,0.00%,0,00:00:00,0.00%,0,$0.00,,,
Honduras,"Jan 1, 2023 - Jun 30, 2023",Without /es/,4,4,4,0.00%,3,00:00:00,0.00%,0,$0.00,,,
Luxembourg,"Jan 1, 2023 - Jun 30, 2023",All Users,4,4,4,0.00%,3,00:00:00,0.00%,0,$0.00,,,
Luxembourg,"Jan 1, 2023 - Jun 30, 2023",Spanish Website,0,0,0,0.00%,0,00:00:00,0.00%,0,$0.00,,,
Luxembourg,"Jan 1, 2023 - Jun 30, 2023",Without /es/,4,4,4,0.00%,3,00:00:00,0.00%,0,$0.00,,,
Libya,"Jan 1, 2023 - Jun 30, 2023",All Users,4,4,4,0.00%,3,<00:00:01,0.00%,0,$0.00,,,
Libya,"Jan 1, 2023 - Jun 30, 2023",Spanish Website,0,0,0,0.00%,0,00:00:00,0.00%,0,$0.00,,,
Libya,"Jan 1, 2023 - Jun 30, 2023",Without /es/,4,4,4,0.00%,3,<00:00:01,0.00%,0,$0.00,,,
Myanmar (Burma),"Jan 1, 2023 - Jun 30, 2023",All Users,4,4,4,0.00%,3.75,00:01:46,0.00%,0,$0.00,,,
Myanmar (Burma),"Jan 1, 2023 - Jun 30, 2023",Spanish Website,0,0,0,0.00%,0,00:00:00,0.00%,0,$0.00,,,
Myanmar (Burma),"Jan 1, 2023 - Jun 30, 2023",Without /es/,4,4,4,0.00%,3.75,00:01:46,0.00%,0,$0.00,,,
Oman,"Jan 1, 2023 - Jun 30, 2023",All Users,4,6,13,0.00%,17.08,00:16:57,0.00%,0,$0.00,,,
Oman,"Jan 1, 2023 - Jun 30, 2023",Spanish Website,0,0,0,0.00%,0,00:00:00,0.00%,0,$0.00,,,
Oman,"Jan 1, 2023 - Jun 30, 2023",Without /es/,4,6,13,0.00%,17.08,00:16:57,0.00%,0,$0.00,,,
Albania,"Jan 1, 2023 - Jun 30, 2023",All Users,3,3,3,0.00%,4,00:00:04,0.00%,0,$0.00,,,
Albania,"Jan 1, 2023 - Jun 30, 2023",Spanish Website,0,0,0,0.00%,0,00:00:00,0.00%,0,$0.00,,,
Albania,"Jan 1, 2023 - Jun 30, 2023",Without /es/,3,3,3,0.00%,4,00:00:04,0.00%,0,$0.00,,,
Gambia,"Jan 1, 2023 - Jun 30, 2023",All Users,3,3,4,0.00%,3,00:00:00,0.00%,0,$0.00,,,
Gambia,"Jan 1, 2023 - Jun 30, 2023",Spanish Website,0,0,0,0.00%,0,00:00:00,0.00%,0,$0.00,,,
Gambia,"Jan 1, 2023 - Jun 30, 2023",Without /es/,3,3,4,0.00%,3,00:00:00,0.00%,0,$0.00,,,
Kyrgyzstan,"Jan 1, 2023 - Jun 30, 2023",All Users,3,3,3,0.00%,4,00:00:25,0.00%,0,$0.00,,,
Kyrgyzstan,"Jan 1, 2023 - Jun 30, 2023",Spanish Website,0,0,0,0.00%,0,00:00:00,0.00%,0,$0.00,,,
Kyrgyzstan,"Jan 1, 2023 - Jun 30, 2023",Without /es/,3,3,3,0.00%,4,00:00:25,0.00%,0,$0.00,,,
Mauritius,"Jan 1, 2023 - Jun 30, 2023",All Users,3,3,3,0.00%,3,00:00:00,0.00%,0,$0.00,,,
Mauritius,"Jan 1, 2023 - Jun 30, 2023",Spanish Website,0,0,0,0.00%,0,00:00:00,0.00%,0,$0.00,,,
Mauritius,"Jan 1, 2023 - Jun 30, 2023",Without /es/,3,3,3,0.00%,3,00:00:00,0.00%,0,$0.00,,,
Mozambique,"Jan 1, 2023 - Jun 30, 2023",All Users,3,3,3,0.00%,3,00:00:04,0.00%,0,$0.00,,,
Mozambique,"Jan 1, 2023 - Jun 30, 2023",Spanish Website,0,0,0,0.00%,0,00:00:00,0.00%,0,$0.00,,,
Mozambique,"Jan 1, 2023 - Jun 30, 2023",Without /es/,3,3,3,0.00%,3,00:00:04,0.00%,0,$0.00,,,
U.S. Virgin Islands,"Jan 1, 2023 - Jun 30, 2023",All Users,3,1,5,0.00%,9.2,00:02:37,0.00%,0,$0.00,,,
U.S. Virgin Islands,"Jan 1, 2023 - Jun 30, 2023",Spanish Website,1,0,1,0.00%,16,00:04:18,0.00%,0,$0.00,,,
U.S. Virgin Islands,"Jan 1, 2023 - Jun 30, 2023",Without /es/,3,1,4,0.00%,7.5,00:02:12,0.00%,0,$0.00,,,
Botswana,"Jan 1, 2023 - Jun 30, 2023",All Users,2,2,2,0.00%,3,00:00:02,0.00%,0,$0.00,,,
Botswana,"Jan 1, 2023 - Jun 30, 2023",Spanish Website,0,0,0,0.00%,0,00:00:00,0.00%,0,$0.00,,,
Botswana,"Jan 1, 2023 - Jun 30, 2023",Without /es/,2,2,2,0.00%,3,00:00:02,0.00%,0,$0.00,,,
Curaçao,"Jan 1, 2023 - Jun 30, 2023",All Users,2,2,2,0.00%,3,00:00:00,0.00%,0,$0.00,,,
Curaçao,"Jan 1, 2023 - Jun 30, 2023",Spanish Website,0,0,0,0.00%,0,00:00:00,0.00%,0,$0.00,,,
Curaçao,"Jan 1, 2023 - Jun 30, 2023",Without /es/,2,2,2,0.00%,3,00:00:00,0.00%,0,$0.00,,,
Guernsey,"Jan 1, 2023 - Jun 30, 2023",All Users,2,2,2,0.00%,3,00:00:00,0.00%,0,$0.00,,,
Guernsey,"Jan 1, 2023 - Jun 30, 2023",Spanish Website,0,0,0,0.00%,0,00:00:00,0.00%,0,$0.00,,,
Guernsey,"Jan 1, 2023 - Jun 30, 2023",Without /es/,2,2,2,0.00%,3,00:00:00,0.00%,0,$0.00,,,
Jamaica,"Jan 1, 2023 - Jun 30, 2023",All Users,2,2,2,0.00%,4.5,00:00:25,0.00%,0,$0.00,,,
Jamaica,"Jan 1, 2023 - Jun 30, 2023",Spanish Website,0,0,0,0.00%,0,00:00:00,0.00%,0,$0.00,,,
Jamaica,"Jan 1, 2023 - Jun 30, 2023",Without /es/,2,2,2,0.00%,4.5,00:00:25,0.00%,0,$0.00,,,
Cayman Islands,"Jan 1, 2023 - Jun 30, 2023",All Users,2,2,2,0.00%,4.5,00:08:05,0.00%,0,$0.00,,,
Cayman Islands,"Jan 1, 2023 - Jun 30, 2023",Spanish Website,0,0,0,0.00%,0,00:00:00,0.00%,0,$0.00,,,
Cayman Islands,"Jan 1, 2023 - Jun 30, 2023",Without /es/,2,2,2,0.00%,4.5,00:08:05,0.00%,0,$0.00,,,
Macao,"Jan 1, 2023 - Jun 30, 2023",All Users,2,2,2,0.00%,4.5,00:06:28,0.00%,0,$0.00,,,
Macao,"Jan 1, 2023 - Jun 30, 2023",Spanish Website,0,0,0,0.00%,0,00:00:00,0.00%,0,$0.00,,,
Macao,"Jan 1, 2023 - Jun 30, 2023",Without /es/,2,2,2,0.00%,4.5,00:06:28,0.00%,0,$0.00,,,
Palestine,"Jan 1, 2023 - Jun 30, 2023",All Users,2,2,2,0.00%,3,00:00:00,0.00%,0,$0.00,,,
Palestine,"Jan 1, 2023 - Jun 30, 2023",Spanish Website,0,0,0,0.00%,0,00:00:00,0.00%,0,$0.00,,,
Palestine,"Jan 1, 2023 - Jun 30, 2023",Without /es/,2,2,2,0.00%,3,00:00:00,0.00%,0,$0.00,,,
Réunion,"Jan 1, 2023 - Jun 30, 2023",All Users,2,2,2,0.00%,5,00:03:09,0.00%,0,$0.00,,,
Réunion,"Jan 1, 2023 - Jun 30, 2023",Spanish Website,0,0,0,0.00%,0,00:00:00,0.00%,0,$0.00,,,
Réunion,"Jan 1, 2023 - Jun 30, 2023",Without /es/,2,2,2,0.00%,5,00:03:09,0.00%,0,$0.00,,,
Trinidad & Tobago,"Jan 1, 2023 - Jun 30, 2023",All Users,2,2,2,0.00%,3,00:00:01,0.00%,0,$0.00,,,
Trinidad & Tobago,"Jan 1, 2023 - Jun 30, 2023",Spanish Website,0,0,0,0.00%,0,00:00:00,0.00%,0,$0.00,,,
Trinidad & Tobago,"Jan 1, 2023 - Jun 30, 2023",Without /es/,2,2,2,0.00%,3,00:00:01,0.00%,0,$0.00,,,
Kosovo,"Jan 1, 2023 - Jun 30, 2023",All Users,2,2,3,0.00%,4,00:09:13,0.00%,0,$0.00,,,
Kosovo,"Jan 1, 2023 - Jun 30, 2023",Spanish Website,0,0,0,0.00%,0,00:00:00,0.00%,0,$0.00,,,
Kosovo,"Jan 1, 2023 - Jun 30, 2023",Without /es/,2,2,3,0.00%,4,00:09:13,0.00%,0,$0.00,,,
Zambia,"Jan 1, 2023 - Jun 30, 2023",All Users,2,2,2,0.00%,3,00:00:01,0.00%,0,$0.00,,,
Zambia,"Jan 1, 2023 - Jun 30, 2023",Spanish Website,0,0,0,0.00%,0,00:00:00,0.00%,0,$0.00,,,
Zambia,"Jan 1, 2023 - Jun 30, 2023",Without /es/,2,2,2,0.00%,3,00:00:01,0.00%,0,$0.00,,,
Afghanistan,"Jan 1, 2023 - Jun 30, 2023",All Users,1,1,1,0.00%,3,00:00:00,0.00%,0,$0.00,,,
Afghanistan,"Jan 1, 2023 - Jun 30, 2023",Spanish Website,0,0,0,0.00%,0,00:00:00,0.00%,0,$0.00,,,
Afghanistan,"Jan 1, 2023 - Jun 30, 2023",Without /es/,1,1,1,0.00%,3,00:00:00,0.00%,0,$0.00,,,
Antigua & Barbuda,"Jan 1, 2023 - Jun 30, 2023",All Users,1,1,1,0.00%,12,00:01:44,0.00%,0,$0.00,,,
Antigua & Barbuda,"Jan 1, 2023 - Jun 30, 2023",Spanish Website,0,0,0,0.00%,0,00:00:00,0.00%,0,$0.00,,,
Antigua & Barbuda,"Jan 1, 2023 - Jun 30, 2023",Without /es/,1,1,1,0.00%,12,00:01:44,0.00%,0,$0.00,,,
Barbados,"Jan 1, 2023 - Jun 30, 2023",All Users,1,1,1,0.00%,3,00:01:15,0.00%,0,$0.00,,,
Barbados,"Jan 1, 2023 - Jun 30, 2023",Spanish Website,0,0,0,0.00%,0,00:00:00,0.00%,0,$0.00,,,
Barbados,"Jan 1, 2023 - Jun 30, 2023",Without /es/,1,1,1,0.00%,3,00:01:15,0.00%,0,$0.00,,,
Burkina Faso,"Jan 1, 2023 - Jun 30, 2023",All Users,1,1,1,0.00%,3,00:00:00,0.00%,0,$0.00,,,
Burkina Faso,"Jan 1, 2023 - Jun 30, 2023",Spanish Website,1,1,1,0.00%,3,00:00:00,0.00%,0,$0.00,,,
Burkina Faso,"Jan 1, 2023 - Jun 30, 2023",Without /es/,0,0,0,0.00%,0,00:00:00,0.00%,0,$0.00,,,
Bermuda,"Jan 1, 2023 - Jun 30, 2023",All Users,1,1,1,0.00%,3,00:00:00,0.00%,0,$0.00,,,
Bermuda,"Jan 1, 2023 - Jun 30, 2023",Spanish Website,0,0,0,0.00%,0,00:00:00,0.00%,0,$0.00,,,
Bermuda,"Jan 1, 2023 - Jun 30, 2023",Without /es/,1,1,1,0.00%,3,00:00:00,0.00%,0,$0.00,,,
Brunei,"Jan 1, 2023 - Jun 30, 2023",All Users,1,1,1,0.00%,3,00:00:00,0.00%,0,$0.00,,,
Brunei,"Jan 1, 2023 - Jun 30, 2023",Spanish Website,0,0,0,0.00%,0,00:00:00,0.00%,0,$0.00,,,
Brunei,"Jan 1, 2023 - Jun 30, 2023",Without /es/,1,1,1,0.00%,3,00:00:00,0.00%,0,$0.00,,,
Caribbean Netherlands,"Jan 1, 2023 - Jun 30, 2023",All Users,1,1,1,0.00%,6,00:06:39,0.00%,0,$0.00,,,
Caribbean Netherlands,"Jan 1, 2023 - Jun 30, 2023",Spanish Website,0,0,0,0.00%,0,00:00:00,0.00%,0,$0.00,,,
Caribbean Netherlands,"Jan 1, 2023 - Jun 30, 2023",Without /es/,1,1,1,0.00%,6,00:06:39,0.00%,0,$0.00,,,
Belize,"Jan 1, 2023 - Jun 30, 2023",All Users,1,1,9,0.00%,3.67,00:00:38,0.00%,0,$0.00,,,
Belize,"Jan 1, 2023 - Jun 30, 2023",Spanish Website,0,0,0,0.00%,0,00:00:00,0.00%,0,$0.00,,,
Belize,"Jan 1, 2023 - Jun 30, 2023",Without /es/,1,1,9,0.00%,3.67,00:00:38,0.00%,0,$0.00,,,
Côte d’Ivoire,"Jan 1, 2023 - Jun 30, 2023",All Users,1,1,1,0.00%,6,00:10:08,0.00%,0,$0.00,,,
Côte d’Ivoire,"Jan 1, 2023 - Jun 30, 2023",Spanish Website,0,0,0,0.00%,0,00:00:00,0.00%,0,$0.00,,,
Côte d’Ivoire,"Jan 1, 2023 - Jun 30, 2023",Without /es/,1,1,1,0.00%,6,00:10:08,0.00%,0,$0.00,,,
Cameroon,"Jan 1, 2023 - Jun 30, 2023",All Users,1,1,2,0.00%,3,00:00:00,0.00%,0,$0.00,,,
Cameroon,"Jan 1, 2023 - Jun 30, 2023",Spanish Website,0,0,0,0.00%,0,00:00:00,0.00%,0,$0.00,,,
Cameroon,"Jan 1, 2023 - Jun 30, 2023",Without /es/,1,1,2,0.00%,3,00:00:00,0.00%,0,$0.00,,,
Fiji,"Jan 1, 2023 - Jun 30, 2023",All Users,1,1,1,0.00%,3,00:00:00,0.00%,0,$0.00,,,
Fiji,"Jan 1, 2023 - Jun 30, 2023",Spanish Website,0,0,0,0.00%,0,00:00:00,0.00%,0,$0.00,,,
Fiji,"Jan 1, 2023 - Jun 30, 2023",Without /es/,1,1,1,0.00%,3,00:00:00,0.00%,0,$0.00,,,
Guinea-Bissau,"Jan 1, 2023 - Jun 30, 2023",All Users,1,1,1,0.00%,3,00:00:01,0.00%,0,$0.00,,,
Guinea-Bissau,"Jan 1, 2023 - Jun 30, 2023",Spanish Website,0,0,0,0.00%,0,00:00:00,0.00%,0,$0.00,,,
Guinea-Bissau,"Jan 1, 2023 - Jun 30, 2023",Without /es/,1,1,1,0.00%,3,00:00:01,0.00%,0,$0.00,,,
Haiti,"Jan 1, 2023 - Jun 30, 2023",All Users,1,1,2,0.00%,3,00:00:00,0.00%,0,$0.00,,,
Haiti,"Jan 1, 2023 - Jun 30, 2023",Spanish Website,0,0,0,0.00%,0,00:00:00,0.00%,0,$0.00,,,
Haiti,"Jan 1, 2023 - Jun 30, 2023",Without /es/,1,1,2,0.00%,3,00:00:00,0.00%,0,$0.00,,,
Jersey,"Jan 1, 2023 - Jun 30, 2023",All Users,1,1,1,0.00%,3,00:00:00,0.00%,0,$0.00,,,
Jersey,"Jan 1, 2023 - Jun 30, 2023",Spanish Website,0,0,0,0.00%,0,00:00:00,0.00%,0,$0.00,,,
Jersey,"Jan 1, 2023 - Jun 30, 2023",Without /es/,1,1,1,0.00%,3,00:00:00,0.00%,0,$0.00,,,
Laos,"Jan 1, 2023 - Jun 30, 2023",All Users,1,1,1,0.00%,3,00:00:00,0.00%,0,$0.00,,,
Laos,"Jan 1, 2023 - Jun 30, 2023",Spanish Website,0,0,0,0.00%,0,00:00:00,0.00%,0,$0.00,,,
Laos,"Jan 1, 2023 - Jun 30, 2023",Without /es/,1,1,1,0.00%,3,00:00:00,0.00%,0,$0.00,,,
Liberia,"Jan 1, 2023 - Jun 30, 2023",All Users,1,1,1,0.00%,3,00:00:00,0.00%,0,$0.00,,,
Liberia,"Jan 1, 2023 - Jun 30, 2023",Spanish Website,0,0,0,0.00%,0,00:00:00,0.00%,0,$0.00,,,
Liberia,"Jan 1, 2023 - Jun 30, 2023",Without /es/,1,1,1,0.00%,3,00:00:00,0.00%,0,$0.00,,,
Montenegro,"Jan 1, 2023 - Jun 30, 2023",All Users,1,1,1,0.00%,3,00:00:00,0.00%,0,$0.00,,,
Montenegro,"Jan 1, 2023 - Jun 30, 2023",Spanish Website,0,0,0,0.00%,0,00:00:00,0.00%,0,$0.00,,,
Montenegro,"Jan 1, 2023 - Jun 30, 2023",Without /es/,1,1,1,0.00%,3,00:00:00,0.00%,0,$0.00,,,
Madagascar,"Jan 1, 2023 - Jun 30, 2023",All Users,1,1,1,0.00%,3,00:00:00,0.00%,0,$0.00,,,
Madagascar,"Jan 1, 2023 - Jun 30, 2023",Spanish Website,0,0,0,0.00%,0,00:00:00,0.00%,0,$0.00,,,
Madagascar,"Jan 1, 2023 - Jun 30, 2023",Without /es/,1,1,1,0.00%,3,00:00:00,0.00%,0,$0.00,,,
Mali,"Jan 1, 2023 - Jun 30, 2023",All Users,1,1,1,0.00%,3,00:00:00,0.00%,0,$0.00,,,
Mali,"Jan 1, 2023 - Jun 30, 2023",Spanish Website,0,0,0,0.00%,0,00:00:00,0.00%,0,$0.00,,,
Mali,"Jan 1, 2023 - Jun 30, 2023",Without /es/,1,1,1,0.00%,3,00:00:00,0.00%,0,$0.00,,,
Mongolia,"Jan 1, 2023 - Jun 30, 2023",All Users,1,1,1,0.00%,3,00:00:00,0.00%,0,$0.00,,,
Mongolia,"Jan 1, 2023 - Jun 30, 2023",Spanish Website,0,0,0,0.00%,0,00:00:00,0.00%,0,$0.00,,,
Mongolia,"Jan 1, 2023 - Jun 30, 2023",Without /es/,1,1,1,0.00%,3,00:00:00,0.00%,0,$0.00,,,
Martinique,"Jan 1, 2023 - Jun 30, 2023",All Users,1,1,1,0.00%,3,00:00:00,0.00%,0,$0.00,,,
Martinique,"Jan 1, 2023 - Jun 30, 2023",Spanish Website,0,0,0,0.00%,0,00:00:00,0.00%,0,$0.00,,,
Martinique,"Jan 1, 2023 - Jun 30, 2023",Without /es/,1,1,1,0.00%,3,00:00:00,0.00%,0,$0.00,,,
Maldives,"Jan 1, 2023 - Jun 30, 2023",All Users,1,1,1,0.00%,3,00:00:00,0.00%,0,$0.00,,,
Maldives,"Jan 1, 2023 - Jun 30, 2023",Spanish Website,0,0,0,0.00%,0,00:00:00,0.00%,0,$0.00,,,
Maldives,"Jan 1, 2023 - Jun 30, 2023",Without /es/,1,1,1,0.00%,3,00:00:00,0.00%,0,$0.00,,,
Malawi,"Jan 1, 2023 - Jun 30, 2023",All Users,1,1,1,0.00%,3,00:00:08,0.00%,0,$0.00,,,
Malawi,"Jan 1, 2023 - Jun 30, 2023",Spanish Website,0,0,0,0.00%,0,00:00:00,0.00%,0,$0.00,,,
Malawi,"Jan 1, 2023 - Jun 30, 2023",Without /es/,1,1,1,0.00%,3,00:00:08,0.00%,0,$0.00,,,
Sudan,"Jan 1, 2023 - Jun 30, 2023",All Users,1,1,1,0.00%,3,00:00:00,0.00%,0,$0.00,,,
Sudan,"Jan 1, 2023 - Jun 30, 2023",Spanish Website,0,0,0,0.00%,0,00:00:00,0.00%,0,$0.00,,,
Sudan,"Jan 1, 2023 - Jun 30, 2023",Without /es/,1,1,1,0.00%,3,00:00:00,0.00%,0,$0.00,,,
Senegal,"Jan 1, 2023 - Jun 30, 2023",All Users,1,1,1,0.00%,3,00:00:00,0.00%,0,$0.00,,,
Senegal,"Jan 1, 2023 - Jun 30, 2023",Spanish Website,0,0,0,0.00%,0,00:00:00,0.00%,0,$0.00,,,
Senegal,"Jan 1, 2023 - Jun 30, 2023",Without /es/,1,1,1,0.00%,3,00:00:00,0.00%,0,$0.00,,,
Timor-Leste,"Jan 1, 2023 - Jun 30, 2023",All Users,1,1,2,0.00%,3,00:00:00,0.00%,0,$0.00,,,
Timor-Leste,"Jan 1, 2023 - Jun 30, 2023",Spanish Website,0,0,0,0.00%,0,00:00:00,0.00%,0,$0.00,,,
Timor-Leste,"Jan 1, 2023 - Jun 30, 2023",Without /es/,1,1,2,0.00%,3,00:00:00,0.00%,0,$0.00,,,
Total,"Jan 1, 2023 - Jun 30, 2023",All Users,22428,22224,28561,0.45%,4.73,00:01:31,<0.01%,1,$0.00,,,
Total,"Jan 1, 2023 - Jun 30, 2023",Spanish Website,572,495,1008,0.20%,14.21,00:08:58,0.00%,0,$0.00,,,
Total,"Jan 1, 2023 - Jun 30, 2023",Without /es/,21969,21729,27553,0.46%,4.38,00:01:14,<0.01%,1,$0.00,,,