Country,Date Range,Segment,Users
United States,"Jan 1, 2023 - Jun 30, 2023",All Users,11238
United States,"Jan 1, 2023 - Jun 30, 2023",With /es/,237
United States,"Jan 1, 2023 - Jun 30, 2023",Without /es/,11072
China,"Jan 1, 2023 - Jun 30, 2023",All Users,1775
China,"Jan 1, 2023 - Jun 30, 2023",With /es/,2
China,"Jan 1, 2023 - Jun 30, 2023",Without /es/,1774
United Kingdom,"Jan 1, 2023 - Jun 30, 2023",All Users,1457
United Kingdom,"Jan 1, 2023 - Jun 30, 2023",With /es/,12
United Kingdom,"Jan 1, 2023 - Jun 30, 2023",Without /es/,1448
Canada,"Jan 1, 2023 - Jun 30, 2023",All Users,927
Canada,"Jan 1, 2023 - Jun 30, 2023",With /es/,4
Canada,"Jan 1, 2023 - Jun 30, 2023",Without /es/,923
Germany,"Jan 1, 2023 - Jun 30, 2023",All Users,763
Germany,"Jan 1, 2023 - Jun 30, 2023",With /es/,20
Germany,"Jan 1, 2023 - Jun 30, 2023",Without /es/,750
India,"Jan 1, 2023 - Jun 30, 2023",All Users,744
India,"Jan 1, 2023 - Jun 30, 2023",With /es/,6
India,"Jan 1, 2023 - Jun 30, 2023",Without /es/,739
Australia,"Jan 1, 2023 - Jun 30, 2023",All Users,598
Australia,"Jan 1, 2023 - Jun 30, 2023",With /es/,1
Australia,"Jan 1, 2023 - Jun 30, 2023",Without /es/,597
Spain,"Jan 1, 2023 - Jun 30, 2023",All Users,427
Spain,"Jan 1, 2023 - Jun 30, 2023",With /es/,65
Spain,"Jan 1, 2023 - Jun 30, 2023",Without /es/,370
Netherlands,"Jan 1, 2023 - Jun 30, 2023",All Users,360
Netherlands,"Jan 1, 2023 - Jun 30, 2023",With /es/,4
Netherlands,"Jan 1, 2023 - Jun 30, 2023",Without /es/,357
Mexico,"Jan 1, 2023 - Jun 30, 2023",All Users,336
Mexico,"Jan 1, 2023 - Jun 30, 2023",With /es/,49
Mexico,"Jan 1, 2023 - Jun 30, 2023",Without /es/,291
France,"Jan 1, 2023 - Jun 30, 2023",All Users,240
France,"Jan 1, 2023 - Jun 30, 2023",With /es/,1
France,"Jan 1, 2023 - Jun 30, 2023",Without /es/,239
Philippines,"Jan 1, 2023 - Jun 30, 2023",All Users,215
Philippines,"Jan 1, 2023 - Jun 30, 2023",With /es/,5
Philippines,"Jan 1, 2023 - Jun 30, 2023",Without /es/,210
Italy,"Jan 1, 2023 - Jun 30, 2023",All Users,202
Italy,"Jan 1, 2023 - Jun 30, 2023",With /es/,4
Italy,"Jan 1, 2023 - Jun 30, 2023",Without /es/,199
Brazil,"Jan 1, 2023 - Jun 30, 2023",All Users,191
Brazil,"Jan 1, 2023 - Jun 30, 2023",With /es/,5
Brazil,"Jan 1, 2023 - Jun 30, 2023",Without /es/,187
Türkiye,"Jan 1, 2023 - Jun 30, 2023",All Users,191
Türkiye,"Jan 1, 2023 - Jun 30, 2023",With /es/,1
Türkiye,"Jan 1, 2023 - Jun 30, 2023",Without /es/,190
Colombia,"Jan 1, 2023 - Jun 30, 2023",All Users,159
Colombia,"Jan 1, 2023 - Jun 30, 2023",With /es/,30
Colombia,"Jan 1, 2023 - Jun 30, 2023",Without /es/,132
Sweden,"Jan 1, 2023 - Jun 30, 2023",All Users,153
Sweden,"Jan 1, 2023 - Jun 30, 2023",With /es/,2
Sweden,"Jan 1, 2023 - Jun 30, 2023",Without /es/,151
South Korea,"Jan 1, 2023 - Jun 30, 2023",All Users,124
South Korea,"Jan 1, 2023 - Jun 30, 2023",With /es/,0
South Korea,"Jan 1, 2023 - Jun 30, 2023",Without /es/,124
Argentina,"Jan 1, 2023 - Jun 30, 2023",All Users,119
Argentina,"Jan 1, 2023 - Jun 30, 2023",With /es/,19
Argentina,"Jan 1, 2023 - Jun 30, 2023",Without /es/,101
Guatemala,"Jan 1, 2023 - Jun 30, 2023",All Users,113
Guatemala,"Jan 1, 2023 - Jun 30, 2023",With /es/,73
Guatemala,"Jan 1, 2023 - Jun 30, 2023",Without /es/,42
Japan,"Jan 1, 2023 - Jun 30, 2023",All Users,108
Japan,"Jan 1, 2023 - Jun 30, 2023",With /es/,1
Japan,"Jan 1, 2023 - Jun 30, 2023",Without /es/,108
Russia,"Jan 1, 2023 - Jun 30, 2023",All Users,106
Russia,"Jan 1, 2023 - Jun 30, 2023",With /es/,1
Russia,"Jan 1, 2023 - Jun 30, 2023",Without /es/,105
South Africa,"Jan 1, 2023 - Jun 30, 2023",All Users,106
South Africa,"Jan 1, 2023 - Jun 30, 2023",With /es/,4
South Africa,"Jan 1, 2023 - Jun 30, 2023",Without /es/,105
Pakistan,"Jan 1, 2023 - Jun 30, 2023",All Users,101
Pakistan,"Jan 1, 2023 - Jun 30, 2023",With /es/,1
Pakistan,"Jan 1, 2023 - Jun 30, 2023",Without /es/,100
Israel,"Jan 1, 2023 - Jun 30, 2023",All Users,98
Israel,"Jan 1, 2023 - Jun 30, 2023",With /es/,1
Israel,"Jan 1, 2023 - Jun 30, 2023",Without /es/,97
Greece,"Jan 1, 2023 - Jun 30, 2023",All Users,95
Greece,"Jan 1, 2023 - Jun 30, 2023",With /es/,0
Greece,"Jan 1, 2023 - Jun 30, 2023",Without /es/,95
Indonesia,"Jan 1, 2023 - Jun 30, 2023",All Users,91
Indonesia,"Jan 1, 2023 - Jun 30, 2023",With /es/,2
Indonesia,"Jan 1, 2023 - Jun 30, 2023",Without /es/,89
Austria,"Jan 1, 2023 - Jun 30, 2023",All Users,89
Austria,"Jan 1, 2023 - Jun 30, 2023",With /es/,2
Austria,"Jan 1, 2023 - Jun 30, 2023",Without /es/,87
Switzerland,"Jan 1, 2023 - Jun 30, 2023",All Users,88
Switzerland,"Jan 1, 2023 - Jun 30, 2023",With /es/,3
Switzerland,"Jan 1, 2023 - Jun 30, 2023",Without /es/,85
Belgium,"Jan 1, 2023 - Jun 30, 2023",All Users,86
Belgium,"Jan 1, 2023 - Jun 30, 2023",With /es/,1
Belgium,"Jan 1, 2023 - Jun 30, 2023",Without /es/,85
Romania,"Jan 1, 2023 - Jun 30, 2023",All Users,86
Romania,"Jan 1, 2023 - Jun 30, 2023",With /es/,4
Romania,"Jan 1, 2023 - Jun 30, 2023",Without /es/,82
Poland,"Jan 1, 2023 - Jun 30, 2023",All Users,85
Poland,"Jan 1, 2023 - Jun 30, 2023",With /es/,2
Poland,"Jan 1, 2023 - Jun 30, 2023",Without /es/,83
Ireland,"Jan 1, 2023 - Jun 30, 2023",All Users,82
Ireland,"Jan 1, 2023 - Jun 30, 2023",With /es/,1
Ireland,"Jan 1, 2023 - Jun 30, 2023",Without /es/,81
Norway,"Jan 1, 2023 - Jun 30, 2023",All Users,76
Norway,"Jan 1, 2023 - Jun 30, 2023",With /es/,0
Norway,"Jan 1, 2023 - Jun 30, 2023",Without /es/,76
Denmark,"Jan 1, 2023 - Jun 30, 2023",All Users,71
Denmark,"Jan 1, 2023 - Jun 30, 2023",With /es/,0
Denmark,"Jan 1, 2023 - Jun 30, 2023",Without /es/,71
Singapore,"Jan 1, 2023 - Jun 30, 2023",All Users,69
Singapore,"Jan 1, 2023 - Jun 30, 2023",With /es/,1
Singapore,"Jan 1, 2023 - Jun 30, 2023",Without /es/,68
Malaysia,"Jan 1, 2023 - Jun 30, 2023",All Users,66
Malaysia,"Jan 1, 2023 - Jun 30, 2023",With /es/,0
Malaysia,"Jan 1, 2023 - Jun 30, 2023",Without /es/,66
(not set),"Jan 1, 2023 - Jun 30, 2023",All Users,65
(not set),"Jan 1, 2023 - Jun 30, 2023",With /es/,0
(not set),"Jan 1, 2023 - Jun 30, 2023",Without /es/,65
Peru,"Jan 1, 2023 - Jun 30, 2023",All Users,64
Peru,"Jan 1, 2023 - Jun 30, 2023",With /es/,3
Peru,"Jan 1, 2023 - Jun 30, 2023",Without /es/,61
Chile,"Jan 1, 2023 - Jun 30, 2023",All Users,63
Chile,"Jan 1, 2023 - Jun 30, 2023",With /es/,6
Chile,"Jan 1, 2023 - Jun 30, 2023",Without /es/,58
Portugal,"Jan 1, 2023 - Jun 30, 2023",All Users,63
Portugal,"Jan 1, 2023 - Jun 30, 2023",With /es/,0
Portugal,"Jan 1, 2023 - Jun 30, 2023",Without /es/,63
Iran,"Jan 1, 2023 - Jun 30, 2023",All Users,59
Iran,"Jan 1, 2023 - Jun 30, 2023",With /es/,1
Iran,"Jan 1, 2023 - Jun 30, 2023",Without /es/,58
Hong Kong,"Jan 1, 2023 - Jun 30, 2023",All Users,52
Hong Kong,"Jan 1, 2023 - Jun 30, 2023",With /es/,0
Hong Kong,"Jan 1, 2023 - Jun 30, 2023",Without /es/,52
New Zealand,"Jan 1, 2023 - Jun 30, 2023",All Users,52
New Zealand,"Jan 1, 2023 - Jun 30, 2023",With /es/,0
New Zealand,"Jan 1, 2023 - Jun 30, 2023",Without /es/,52
Taiwan,"Jan 1, 2023 - Jun 30, 2023",All Users,52
Taiwan,"Jan 1, 2023 - Jun 30, 2023",With /es/,0
Taiwan,"Jan 1, 2023 - Jun 30, 2023",Without /es/,52
Finland,"Jan 1, 2023 - Jun 30, 2023",All Users,51
Finland,"Jan 1, 2023 - Jun 30, 2023",With /es/,0
Finland,"Jan 1, 2023 - Jun 30, 2023",Without /es/,51
United Arab Emirates,"Jan 1, 2023 - Jun 30, 2023",All Users,49
United Arab Emirates,"Jan 1, 2023 - Jun 30, 2023",With /es/,0
United Arab Emirates,"Jan 1, 2023 - Jun 30, 2023",Without /es/,49
Czechia,"Jan 1, 2023 - Jun 30, 2023",All Users,49
Czechia,"Jan 1, 2023 - Jun 30, 2023",With /es/,0
Czechia,"Jan 1, 2023 - Jun 30, 2023",Without /es/,49
Vietnam,"Jan 1, 2023 - Jun 30, 2023",All Users,48
Vietnam,"Jan 1, 2023 - Jun 30, 2023",With /es/,0
Vietnam,"Jan 1, 2023 - Jun 30, 2023",Without /es/,48
Hungary,"Jan 1, 2023 - Jun 30, 2023",All Users,46
Hungary,"Jan 1, 2023 - Jun 30, 2023",With /es/,1
Hungary,"Jan 1, 2023 - Jun 30, 2023",Without /es/,45
Ecuador,"Jan 1, 2023 - Jun 30, 2023",All Users,45
Ecuador,"Jan 1, 2023 - Jun 30, 2023",With /es/,16
Ecuador,"Jan 1, 2023 - Jun 30, 2023",Without /es/,29
Saudi Arabia,"Jan 1, 2023 - Jun 30, 2023",All Users,42
Saudi Arabia,"Jan 1, 2023 - Jun 30, 2023",With /es/,1
Saudi Arabia,"Jan 1, 2023 - Jun 30, 2023",Without /es/,41
Bulgaria,"Jan 1, 2023 - Jun 30, 2023",All Users,41
Bulgaria,"Jan 1, 2023 - Jun 30, 2023",With /es/,0
Bulgaria,"Jan 1, 2023 - Jun 30, 2023",Without /es/,41
Egypt,"Jan 1, 2023 - Jun 30, 2023",All Users,39
Egypt,"Jan 1, 2023 - Jun 30, 2023",With /es/,0
Egypt,"Jan 1, 2023 - Jun 30, 2023",Without /es/,39
Lithuania,"Jan 1, 2023 - Jun 30, 2023",All Users,34
Lithuania,"Jan 1, 2023 - Jun 30, 2023",With /es/,1
Lithuania,"Jan 1, 2023 - Jun 30, 2023",Without /es/,33
Nigeria,"Jan 1, 2023 - Jun 30, 2023",All Users,34
Nigeria,"Jan 1, 2023 - Jun 30, 2023",With /es/,0
Nigeria,"Jan 1, 2023 - Jun 30, 2023",Without /es/,34
Thailand,"Jan 1, 2023 - Jun 30, 2023",All Users,33
Thailand,"Jan 1, 2023 - Jun 30, 2023",With /es/,1
Thailand,"Jan 1, 2023 - Jun 30, 2023",Without /es/,32
Venezuela,"Jan 1, 2023 - Jun 30, 2023",All Users,30
Venezuela,"Jan 1, 2023 - Jun 30, 2023",With /es/,6
Venezuela,"Jan 1, 2023 - Jun 30, 2023",Without /es/,24
Bangladesh,"Jan 1, 2023 - Jun 30, 2023",All Users,27
Bangladesh,"Jan 1, 2023 - Jun 30, 2023",With /es/,0
Bangladesh,"Jan 1, 2023 - Jun 30, 2023",Without /es/,27
Croatia,"Jan 1, 2023 - Jun 30, 2023",All Users,27
Croatia,"Jan 1, 2023 - Jun 30, 2023",With /es/,0
Croatia,"Jan 1, 2023 - Jun 30, 2023",Without /es/,27
Kenya,"Jan 1, 2023 - Jun 30, 2023",All Users,26
Kenya,"Jan 1, 2023 - Jun 30, 2023",With /es/,0
Kenya,"Jan 1, 2023 - Jun 30, 2023",Without /es/,26
Ukraine,"Jan 1, 2023 - Jun 30, 2023",All Users,23
Ukraine,"Jan 1, 2023 - Jun 30, 2023",With /es/,0
Ukraine,"Jan 1, 2023 - Jun 30, 2023",Without /es/,23
Dominican Republic,"Jan 1, 2023 - Jun 30, 2023",All Users,22
Dominican Republic,"Jan 1, 2023 - Jun 30, 2023",With /es/,2
Dominican Republic,"Jan 1, 2023 - Jun 30, 2023",Without /es/,20
Bolivia,"Jan 1, 2023 - Jun 30, 2023",All Users,20
Bolivia,"Jan 1, 2023 - Jun 30, 2023",With /es/,3
Bolivia,"Jan 1, 2023 - Jun 30, 2023",Without /es/,17
Puerto Rico,"Jan 1, 2023 - Jun 30, 2023",All Users,20
Puerto Rico,"Jan 1, 2023 - Jun 30, 2023",With /es/,1
Puerto Rico,"Jan 1, 2023 - Jun 30, 2023",Without /es/,19
Uruguay,"Jan 1, 2023 - Jun 30, 2023",All Users,20
Uruguay,"Jan 1, 2023 - Jun 30, 2023",With /es/,2
Uruguay,"Jan 1, 2023 - Jun 30, 2023",Without /es/,18
Serbia,"Jan 1, 2023 - Jun 30, 2023",All Users,19
Serbia,"Jan 1, 2023 - Jun 30, 2023",With /es/,0
Serbia,"Jan 1, 2023 - Jun 30, 2023",Without /es/,19
Slovakia,"Jan 1, 2023 - Jun 30, 2023",All Users,17
Slovakia,"Jan 1, 2023 - Jun 30, 2023",With /es/,0
Slovakia,"Jan 1, 2023 - Jun 30, 2023",Without /es/,17
El Salvador,"Jan 1, 2023 - Jun 30, 2023",All Users,17
El Salvador,"Jan 1, 2023 - Jun 30, 2023",With /es/,5
El Salvador,"Jan 1, 2023 - Jun 30, 2023",Without /es/,12
Iceland,"Jan 1, 2023 - Jun 30, 2023",All Users,16
Iceland,"Jan 1, 2023 - Jun 30, 2023",With /es/,0
Iceland,"Jan 1, 2023 - Jun 30, 2023",Without /es/,16
Lebanon,"Jan 1, 2023 - Jun 30, 2023",All Users,16
Lebanon,"Jan 1, 2023 - Jun 30, 2023",With /es/,0
Lebanon,"Jan 1, 2023 - Jun 30, 2023",Without /es/,16
Sri Lanka,"Jan 1, 2023 - Jun 30, 2023",All Users,15
Sri Lanka,"Jan 1, 2023 - Jun 30, 2023",With /es/,0
Sri Lanka,"Jan 1, 2023 - Jun 30, 2023",Without /es/,15
Panama,"Jan 1, 2023 - Jun 30, 2023",All Users,15
Panama,"Jan 1, 2023 - Jun 30, 2023",With /es/,1
Panama,"Jan 1, 2023 - Jun 30, 2023",Without /es/,14
Estonia,"Jan 1, 2023 - Jun 30, 2023",All Users,13
Estonia,"Jan 1, 2023 - Jun 30, 2023",With /es/,0
Estonia,"Jan 1, 2023 - Jun 30, 2023",Without /es/,13
Ethiopia,"Jan 1, 2023 - Jun 30, 2023",All Users,13
Ethiopia,"Jan 1, 2023 - Jun 30, 2023",With /es/,0
Ethiopia,"Jan 1, 2023 - Jun 30, 2023",Without /es/,13
Morocco,"Jan 1, 2023 - Jun 30, 2023",All Users,13
Morocco,"Jan 1, 2023 - Jun 30, 2023",With /es/,0
Morocco,"Jan 1, 2023 - Jun 30, 2023",Without /es/,13
Nepal,"Jan 1, 2023 - Jun 30, 2023",All Users,13
Nepal,"Jan 1, 2023 - Jun 30, 2023",With /es/,0
Nepal,"Jan 1, 2023 - Jun 30, 2023",Without /es/,13
Costa Rica,"Jan 1, 2023 - Jun 30, 2023",All Users,12
Costa Rica,"Jan 1, 2023 - Jun 30, 2023",With /es/,0
Costa Rica,"Jan 1, 2023 - Jun 30, 2023",Without /es/,12
Georgia,"Jan 1, 2023 - Jun 30, 2023",All Users,12
Georgia,"Jan 1, 2023 - Jun 30, 2023",With /es/,0
Georgia,"Jan 1, 2023 - Jun 30, 2023",Without /es/,12
Paraguay,"Jan 1, 2023 - Jun 30, 2023",All Users,12
Paraguay,"Jan 1, 2023 - Jun 30, 2023",With /es/,3
Paraguay,"Jan 1, 2023 - Jun 30, 2023",Without /es/,9
Qatar,"Jan 1, 2023 - Jun 30, 2023",All Users,12
Qatar,"Jan 1, 2023 - Jun 30, 2023",With /es/,0
Qatar,"Jan 1, 2023 - Jun 30, 2023",Without /es/,12
Cyprus,"Jan 1, 2023 - Jun 30, 2023",All Users,11
Cyprus,"Jan 1, 2023 - Jun 30, 2023",With /es/,1
Cyprus,"Jan 1, 2023 - Jun 30, 2023",Without /es/,10
Jordan,"Jan 1, 2023 - Jun 30, 2023",All Users,11
Jordan,"Jan 1, 2023 - Jun 30, 2023",With /es/,0
Jordan,"Jan 1, 2023 - Jun 30, 2023",Without /es/,11
Belarus,"Jan 1, 2023 - Jun 30, 2023",All Users,10
Belarus,"Jan 1, 2023 - Jun 30, 2023",With /es/,0
Belarus,"Jan 1, 2023 - Jun 30, 2023",Without /es/,10
Algeria,"Jan 1, 2023 - Jun 30, 2023",All Users,10
Algeria,"Jan 1, 2023 - Jun 30, 2023",With /es/,0
Algeria,"Jan 1, 2023 - Jun 30, 2023",Without /es/,10
Ghana,"Jan 1, 2023 - Jun 30, 2023",All Users,10
Ghana,"Jan 1, 2023 - Jun 30, 2023",With /es/,0
Ghana,"Jan 1, 2023 - Jun 30, 2023",Without /es/,10
Cuba,"Jan 1, 2023 - Jun 30, 2023",All Users,9
Cuba,"Jan 1, 2023 - Jun 30, 2023",With /es/,1
Cuba,"Jan 1, 2023 - Jun 30, 2023",Without /es/,9
Iraq,"Jan 1, 2023 - Jun 30, 2023",All Users,9
Iraq,"Jan 1, 2023 - Jun 30, 2023",With /es/,0
Iraq,"Jan 1, 2023 - Jun 30, 2023",Without /es/,9
Kazakhstan,"Jan 1, 2023 - Jun 30, 2023",All Users,9
Kazakhstan,"Jan 1, 2023 - Jun 30, 2023",With /es/,0
Kazakhstan,"Jan 1, 2023 - Jun 30, 2023",Without /es/,9
Malta,"Jan 1, 2023 - Jun 30, 2023",All Users,9
Malta,"Jan 1, 2023 - Jun 30, 2023",With /es/,0
Malta,"Jan 1, 2023 - Jun 30, 2023",Without /es/,9
North Macedonia,"Jan 1, 2023 - Jun 30, 2023",All Users,8
North Macedonia,"Jan 1, 2023 - Jun 30, 2023",With /es/,1
North Macedonia,"Jan 1, 2023 - Jun 30, 2023",Without /es/,7
Nicaragua,"Jan 1, 2023 - Jun 30, 2023",All Users,8
Nicaragua,"Jan 1, 2023 - Jun 30, 2023",With /es/,1
Nicaragua,"Jan 1, 2023 - Jun 30, 2023",Without /es/,7
Uzbekistan,"Jan 1, 2023 - Jun 30, 2023",All Users,8
Uzbekistan,"Jan 1, 2023 - Jun 30, 2023",With /es/,0
Uzbekistan,"Jan 1, 2023 - Jun 30, 2023",Without /es/,8
Cambodia,"Jan 1, 2023 - Jun 30, 2023",All Users,7
Cambodia,"Jan 1, 2023 - Jun 30, 2023",With /es/,0
Cambodia,"Jan 1, 2023 - Jun 30, 2023",Without /es/,7
Latvia,"Jan 1, 2023 - Jun 30, 2023",All Users,7
Latvia,"Jan 1, 2023 - Jun 30, 2023",With /es/,0
Latvia,"Jan 1, 2023 - Jun 30, 2023",Without /es/,7
Slovenia,"Jan 1, 2023 - Jun 30, 2023",All Users,7
Slovenia,"Jan 1, 2023 - Jun 30, 2023",With /es/,0
Slovenia,"Jan 1, 2023 - Jun 30, 2023",Without /es/,7
Syria,"Jan 1, 2023 - Jun 30, 2023",All Users,7
Syria,"Jan 1, 2023 - Jun 30, 2023",With /es/,0
Syria,"Jan 1, 2023 - Jun 30, 2023",Without /es/,7
Azerbaijan,"Jan 1, 2023 - Jun 30, 2023",All Users,6
Azerbaijan,"Jan 1, 2023 - Jun 30, 2023",With /es/,0
Azerbaijan,"Jan 1, 2023 - Jun 30, 2023",Without /es/,6
Tunisia,"Jan 1, 2023 - Jun 30, 2023",All Users,6
Tunisia,"Jan 1, 2023 - Jun 30, 2023",With /es/,0
Tunisia,"Jan 1, 2023 - Jun 30, 2023",Without /es/,6
Uganda,"Jan 1, 2023 - Jun 30, 2023",All Users,6
Uganda,"Jan 1, 2023 - Jun 30, 2023",With /es/,0
Uganda,"Jan 1, 2023 - Jun 30, 2023",Without /es/,6
Armenia,"Jan 1, 2023 - Jun 30, 2023",All Users,5
Armenia,"Jan 1, 2023 - Jun 30, 2023",With /es/,0
Armenia,"Jan 1, 2023 - Jun 30, 2023",Without /es/,5
Bosnia & Herzegovina,"Jan 1, 2023 - Jun 30, 2023",All Users,5
Bosnia & Herzegovina,"Jan 1, 2023 - Jun 30, 2023",With /es/,0
Bosnia & Herzegovina,"Jan 1, 2023 - Jun 30, 2023",Without /es/,5
Bahamas,"Jan 1, 2023 - Jun 30, 2023",All Users,5
Bahamas,"Jan 1, 2023 - Jun 30, 2023",With /es/,0
Bahamas,"Jan 1, 2023 - Jun 30, 2023",Without /es/,5
Kuwait,"Jan 1, 2023 - Jun 30, 2023",All Users,5
Kuwait,"Jan 1, 2023 - Jun 30, 2023",With /es/,0
Kuwait,"Jan 1, 2023 - Jun 30, 2023",Without /es/,5
Moldova,"Jan 1, 2023 - Jun 30, 2023",All Users,5
Moldova,"Jan 1, 2023 - Jun 30, 2023",With /es/,0
Moldova,"Jan 1, 2023 - Jun 30, 2023",Without /es/,5
Seychelles,"Jan 1, 2023 - Jun 30, 2023",All Users,5
Seychelles,"Jan 1, 2023 - Jun 30, 2023",With /es/,0
Seychelles,"Jan 1, 2023 - Jun 30, 2023",Without /es/,5
Tanzania,"Jan 1, 2023 - Jun 30, 2023",All Users,5
Tanzania,"Jan 1, 2023 - Jun 30, 2023",With /es/,0
Tanzania,"Jan 1, 2023 - Jun 30, 2023",Without /es/,5
Bahrain,"Jan 1, 2023 - Jun 30, 2023",All Users,4
Bahrain,"Jan 1, 2023 - Jun 30, 2023",With /es/,0
Bahrain,"Jan 1, 2023 - Jun 30, 2023",Without /es/,4
Honduras,"Jan 1, 2023 - Jun 30, 2023",All Users,4
Honduras,"Jan 1, 2023 - Jun 30, 2023",With /es/,0
Honduras,"Jan 1, 2023 - Jun 30, 2023",Without /es/,4
Luxembourg,"Jan 1, 2023 - Jun 30, 2023",All Users,4
Luxembourg,"Jan 1, 2023 - Jun 30, 2023",With /es/,0
Luxembourg,"Jan 1, 2023 - Jun 30, 2023",Without /es/,4
Libya,"Jan 1, 2023 - Jun 30, 2023",All Users,4
Libya,"Jan 1, 2023 - Jun 30, 2023",With /es/,0
Libya,"Jan 1, 2023 - Jun 30, 2023",Without /es/,4
Myanmar (Burma),"Jan 1, 2023 - Jun 30, 2023",All Users,4
Myanmar (Burma),"Jan 1, 2023 - Jun 30, 2023",With /es/,0
Myanmar (Burma),"Jan 1, 2023 - Jun 30, 2023",Without /es/,4
Oman,"Jan 1, 2023 - Jun 30, 2023",All Users,4
Oman,"Jan 1, 2023 - Jun 30, 2023",With /es/,0
Oman,"Jan 1, 2023 - Jun 30, 2023",Without /es/,4
Albania,"Jan 1, 2023 - Jun 30, 2023",All Users,3
Albania,"Jan 1, 2023 - Jun 30, 2023",With /es/,0
Albania,"Jan 1, 2023 - Jun 30, 2023",Without /es/,3
Gambia,"Jan 1, 2023 - Jun 30, 2023",All Users,3
Gambia,"Jan 1, 2023 - Jun 30, 2023",With /es/,0
Gambia,"Jan 1, 2023 - Jun 30, 2023",Without /es/,3
Kyrgyzstan,"Jan 1, 2023 - Jun 30, 2023",All Users,3
Kyrgyzstan,"Jan 1, 2023 - Jun 30, 2023",With /es/,0
Kyrgyzstan,"Jan 1, 2023 - Jun 30, 2023",Without /es/,3
Mauritius,"Jan 1, 2023 - Jun 30, 2023",All Users,3
Mauritius,"Jan 1, 2023 - Jun 30, 2023",With /es/,0
Mauritius,"Jan 1, 2023 - Jun 30, 2023",Without /es/,3
Mozambique,"Jan 1, 2023 - Jun 30, 2023",All Users,3
Mozambique,"Jan 1, 2023 - Jun 30, 2023",With /es/,0
Mozambique,"Jan 1, 2023 - Jun 30, 2023",Without /es/,3
U.S. Virgin Islands,"Jan 1, 2023 - Jun 30, 2023",All Users,3
U.S. Virgin Islands,"Jan 1, 2023 - Jun 30, 2023",With /es/,1
U.S. Virgin Islands,"Jan 1, 2023 - Jun 30, 2023",Without /es/,3
Botswana,"Jan 1, 2023 - Jun 30, 2023",All Users,2
Botswana,"Jan 1, 2023 - Jun 30, 2023",With /es/,0
Botswana,"Jan 1, 2023 - Jun 30, 2023",Without /es/,2
Curaçao,"Jan 1, 2023 - Jun 30, 2023",All Users,2
Curaçao,"Jan 1, 2023 - Jun 30, 2023",With /es/,0
Curaçao,"Jan 1, 2023 - Jun 30, 2023",Without /es/,2
Guernsey,"Jan 1, 2023 - Jun 30, 2023",All Users,2
Guernsey,"Jan 1, 2023 - Jun 30, 2023",With /es/,0
Guernsey,"Jan 1, 2023 - Jun 30, 2023",Without /es/,2
Jamaica,"Jan 1, 2023 - Jun 30, 2023",All Users,2
Jamaica,"Jan 1, 2023 - Jun 30, 2023",With /es/,0
Jamaica,"Jan 1, 2023 - Jun 30, 2023",Without /es/,2
Cayman Islands,"Jan 1, 2023 - Jun 30, 2023",All Users,2
Cayman Islands,"Jan 1, 2023 - Jun 30, 2023",With /es/,0
Cayman Islands,"Jan 1, 2023 - Jun 30, 2023",Without /es/,2
Macao,"Jan 1, 2023 - Jun 30, 2023",All Users,2
Macao,"Jan 1, 2023 - Jun 30, 2023",With /es/,0
Macao,"Jan 1, 2023 - Jun 30, 2023",Without /es/,2
Palestine,"Jan 1, 2023 - Jun 30, 2023",All Users,2
Palestine,"Jan 1, 2023 - Jun 30, 2023",With /es/,0
Palestine,"Jan 1, 2023 - Jun 30, 2023",Without /es/,2
Réunion,"Jan 1, 2023 - Jun 30, 2023",All Users,2
Réunion,"Jan 1, 2023 - Jun 30, 2023",With /es/,0
Réunion,"Jan 1, 2023 - Jun 30, 2023",Without /es/,2
Senegal,"Jan 1, 2023 - Jun 30, 2023",All Users,2
Senegal,"Jan 1, 2023 - Jun 30, 2023",With /es/,0
Senegal,"Jan 1, 2023 - Jun 30, 2023",Without /es/,2
Trinidad & Tobago,"Jan 1, 2023 - Jun 30, 2023",All Users,2
Trinidad & Tobago,"Jan 1, 2023 - Jun 30, 2023",With /es/,0
Trinidad & Tobago,"Jan 1, 2023 - Jun 30, 2023",Without /es/,2
Kosovo,"Jan 1, 2023 - Jun 30, 2023",All Users,2
Kosovo,"Jan 1, 2023 - Jun 30, 2023",With /es/,0
Kosovo,"Jan 1, 2023 - Jun 30, 2023",Without /es/,2
Zambia,"Jan 1, 2023 - Jun 30, 2023",All Users,2
Zambia,"Jan 1, 2023 - Jun 30, 2023",With /es/,0
Zambia,"Jan 1, 2023 - Jun 30, 2023",Without /es/,2
Afghanistan,"Jan 1, 2023 - Jun 30, 2023",All Users,1
Afghanistan,"Jan 1, 2023 - Jun 30, 2023",With /es/,0
Afghanistan,"Jan 1, 2023 - Jun 30, 2023",Without /es/,1
Antigua & Barbuda,"Jan 1, 2023 - Jun 30, 2023",All Users,1
Antigua & Barbuda,"Jan 1, 2023 - Jun 30, 2023",With /es/,0
Antigua & Barbuda,"Jan 1, 2023 - Jun 30, 2023",Without /es/,1
Barbados,"Jan 1, 2023 - Jun 30, 2023",All Users,1
Barbados,"Jan 1, 2023 - Jun 30, 2023",With /es/,0
Barbados,"Jan 1, 2023 - Jun 30, 2023",Without /es/,1
Burkina Faso,"Jan 1, 2023 - Jun 30, 2023",All Users,1
Burkina Faso,"Jan 1, 2023 - Jun 30, 2023",With /es/,1
Burkina Faso,"Jan 1, 2023 - Jun 30, 2023",Without /es/,0
Bermuda,"Jan 1, 2023 - Jun 30, 2023",All Users,1
Bermuda,"Jan 1, 2023 - Jun 30, 2023",With /es/,0
Bermuda,"Jan 1, 2023 - Jun 30, 2023",Without /es/,1
Brunei,"Jan 1, 2023 - Jun 30, 2023",All Users,1
Brunei,"Jan 1, 2023 - Jun 30, 2023",With /es/,0
Brunei,"Jan 1, 2023 - Jun 30, 2023",Without /es/,1
Caribbean Netherlands,"Jan 1, 2023 - Jun 30, 2023",All Users,1
Caribbean Netherlands,"Jan 1, 2023 - Jun 30, 2023",With /es/,0
Caribbean Netherlands,"Jan 1, 2023 - Jun 30, 2023",Without /es/,1
Belize,"Jan 1, 2023 - Jun 30, 2023",All Users,1
Belize,"Jan 1, 2023 - Jun 30, 2023",With /es/,0
Belize,"Jan 1, 2023 - Jun 30, 2023",Without /es/,1
Côte d’Ivoire,"Jan 1, 2023 - Jun 30, 2023",All Users,1
Côte d’Ivoire,"Jan 1, 2023 - Jun 30, 2023",With /es/,0
Côte d’Ivoire,"Jan 1, 2023 - Jun 30, 2023",Without /es/,1
Cameroon,"Jan 1, 2023 - Jun 30, 2023",All Users,1
Cameroon,"Jan 1, 2023 - Jun 30, 2023",With /es/,0
Cameroon,"Jan 1, 2023 - Jun 30, 2023",Without /es/,1
Fiji,"Jan 1, 2023 - Jun 30, 2023",All Users,1
Fiji,"Jan 1, 2023 - Jun 30, 2023",With /es/,0
Fiji,"Jan 1, 2023 - Jun 30, 2023",Without /es/,1
Guinea-Bissau,"Jan 1, 2023 - Jun 30, 2023",All Users,1
Guinea-Bissau,"Jan 1, 2023 - Jun 30, 2023",With /es/,0
Guinea-Bissau,"Jan 1, 2023 - Jun 30, 2023",Without /es/,1
Haiti,"Jan 1, 2023 - Jun 30, 2023",All Users,1
Haiti,"Jan 1, 2023 - Jun 30, 2023",With /es/,0
Haiti,"Jan 1, 2023 - Jun 30, 2023",Without /es/,1
Jersey,"Jan 1, 2023 - Jun 30, 2023",All Users,1
Jersey,"Jan 1, 2023 - Jun 30, 2023",With /es/,0
Jersey,"Jan 1, 2023 - Jun 30, 2023",Without /es/,1
Laos,"Jan 1, 2023 - Jun 30, 2023",All Users,1
Laos,"Jan 1, 2023 - Jun 30, 2023",With /es/,0
Laos,"Jan 1, 2023 - Jun 30, 2023",Without /es/,1
Liberia,"Jan 1, 2023 - Jun 30, 2023",All Users,1
Liberia,"Jan 1, 2023 - Jun 30, 2023",With /es/,0
Liberia,"Jan 1, 2023 - Jun 30, 2023",Without /es/,1
Montenegro,"Jan 1, 2023 - Jun 30, 2023",All Users,1
Montenegro,"Jan 1, 2023 - Jun 30, 2023",With /es/,0
Montenegro,"Jan 1, 2023 - Jun 30, 2023",Without /es/,1
Madagascar,"Jan 1, 2023 - Jun 30, 2023",All Users,1
Madagascar,"Jan 1, 2023 - Jun 30, 2023",With /es/,0
Madagascar,"Jan 1, 2023 - Jun 30, 2023",Without /es/,1
Mali,"Jan 1, 2023 - Jun 30, 2023",All Users,1
Mali,"Jan 1, 2023 - Jun 30, 2023",With /es/,0
Mali,"Jan 1, 2023 - Jun 30, 2023",Without /es/,1
Mongolia,"Jan 1, 2023 - Jun 30, 2023",All Users,1
Mongolia,"Jan 1, 2023 - Jun 30, 2023",With /es/,0
Mongolia,"Jan 1, 2023 - Jun 30, 2023",Without /es/,1
Martinique,"Jan 1, 2023 - Jun 30, 2023",All Users,1
Martinique,"Jan 1, 2023 - Jun 30, 2023",With /es/,0
Martinique,"Jan 1, 2023 - Jun 30, 2023",Without /es/,1
Maldives,"Jan 1, 2023 - Jun 30, 2023",All Users,1
Maldives,"Jan 1, 2023 - Jun 30, 2023",With /es/,0
Maldives,"Jan 1, 2023 - Jun 30, 2023",Without /es/,1
Malawi,"Jan 1, 2023 - Jun 30, 2023",All Users,1
Malawi,"Jan 1, 2023 - Jun 30, 2023",With /es/,0
Malawi,"Jan 1, 2023 - Jun 30, 2023",Without /es/,1
Sudan,"Jan 1, 2023 - Jun 30, 2023",All Users,1
Sudan,"Jan 1, 2023 - Jun 30, 2023",With /es/,0
Sudan,"Jan 1, 2023 - Jun 30, 2023",Without /es/,1
Timor-Leste,"Jan 1, 2023 - Jun 30, 2023",All Users,1
Timor-Leste,"Jan 1, 2023 - Jun 30, 2023",With /es/,0
Timor-Leste,"Jan 1, 2023 - Jun 30, 2023",Without /es/,1
Total,"Jan 1, 2023 - Jun 30, 2023",All Users,23530
Total,"Jan 1, 2023 - Jun 30, 2023",With /es/,623
Total,"Jan 1, 2023 - Jun 30, 2023",Without /es/,23018